,Source Account,Text,Date,Compound,Positive,Neutral,Negative,Tweets Ago
0,BBCWorld,Kate Spade death: Mental illness 'doesn't discriminate' https://t.co/c6543I9kot,Thu Jun 07 15:32:15 +0000 2018,-0.765,0.0,0.476,0.524,1
1,BBCWorld,Silent alert system for women who are being attacked in the street wins $1m XPrize #BBCWorldHacks https://t.co/ehis3Uqfi8,Thu Jun 07 15:17:30 +0000 2018,0.4404,0.258,0.611,0.131,2
2,BBCWorld,Korean woman survives six days in Australian wilderness https://t.co/UpXmoQRUWS,Thu Jun 07 15:11:02 +0000 2018,0.0,0.0,1.0,0.0,3
3,BBCWorld,Israel blames Iran for Gaza border violence https://t.co/RGFIss4CCu,Thu Jun 07 15:11:00 +0000 2018,-0.7783,0.0,0.469,0.531,4
4,BBCWorld,Ship hack 'risks chaos in English Channel' https://t.co/jHTA8WDpQl,Thu Jun 07 14:45:00 +0000 2018,-0.7003,0.0,0.508,0.492,5
5,BBCWorld,"The moment Arizona police officers brutally beat up an unarmed man

https://t.co/dH23CYgyrI https://t.co/lA2QyRIWWM",Thu Jun 07 14:42:29 +0000 2018,-0.6124,0.0,0.75,0.25,6
6,BBCWorld,Israeli PM Netanyahu: Iran nuclear deal is dead https://t.co/sv8hyYJkQa,Thu Jun 07 14:18:02 +0000 2018,-0.6486,0.0,0.65,0.35,7
7,BBCWorld,"This elderly man was struggling slowly across a busy road - but help was at hand!

https://t.co/wqgxKtyMMq https://t.co/o9jnoATohw",Thu Jun 07 14:08:59 +0000 2018,0.8043,0.353,0.564,0.082,8
8,BBCWorld,RT @BBCkatyaadler: The EU doesn‚Äòt like the reference to a time-limit; it won‚Äôt cut the mustard for them as an Irish border backstop. While‚Ä¶,Thu Jun 07 14:06:05 +0000 2018,0.6705,0.208,0.792,0.0,9
9,BBCWorld,RT @BBCkatyaadler: The U.K. proposal for an if-all-else-fails backstop on customs relations with the EU -aimed at not alienating anyone - i‚Ä¶,Thu Jun 07 13:59:30 +0000 2018,0.0,0.0,1.0,0.0,10
10,BBCWorld,Why have boots started to appear outside the Georgian PM's office? https://t.co/yfM9cJFjBQ,Thu Jun 07 13:47:43 +0000 2018,0.0,0.0,1.0,0.0,11
11,BBCWorld,Dutch queen's sister found dead at Buenos Aires home https://t.co/4uUtFUxRda,Thu Jun 07 13:12:24 +0000 2018,-0.6486,0.0,0.677,0.323,12
12,BBCWorld,A BBC crew filming in Russia ahead of the @FIFAWorldCup found itself under constant surveillance‚Ä¶ https://t.co/3tk34ZIVJ5,Thu Jun 07 12:58:23 +0000 2018,0.0,0.0,1.0,0.0,13
13,BBCWorld,Alice Johnson thanks Trump for Kardashian-backed release https://t.co/EEnP1jn3jx,Thu Jun 07 12:43:57 +0000 2018,0.4404,0.293,0.707,0.0,14
14,BBCWorld,In pictures: Chile students protest against harassment https://t.co/QsSOgFHBkr,Thu Jun 07 11:13:13 +0000 2018,-0.6705,0.0,0.522,0.478,15
15,BBCWorld,Stockholm lorry attacker jailed for life https://t.co/6UC2xOmq8U,Thu Jun 07 11:08:27 +0000 2018,-0.7845,0.0,0.42,0.58,16
16,BBCWorld,RT @BBCSteveR: Putin‚Äôs not shedding tears in public for Russian businessmen who may be having problems with the UK authorities: ‚ÄúI warned o‚Ä¶,Thu Jun 07 10:33:57 +0000 2018,-0.4826,0.063,0.756,0.181,17
17,BBCWorld,This is a lengthy reverse manoeuvre üöó https://t.co/bCL9E6Y22h,Thu Jun 07 10:32:40 +0000 2018,0.0,0.0,1.0,0.0,18
18,BBCWorld,"RT @BBCSteveR: Putin asked: ‚ÄúWill there be a Third World War?‚Äù
He replies: ‚ÄúFear of mutual annihilation always restrained the top military‚Ä¶",Thu Jun 07 10:15:39 +0000 2018,0.2023,0.083,0.917,0.0,19
19,BBCWorld,Iraq arms cache explosions destroy Baghdad mosque https://t.co/XjxIeHnckl,Thu Jun 07 10:06:08 +0000 2018,-0.5423,0.0,0.667,0.333,20
20,BBCWorld,RT @BBCSteveR: Call the Kremlin: Alexei from St Petersburg complains to Putin about rising fuel prices. So Putin goes live to the Energy Mi‚Ä¶,Thu Jun 07 09:49:35 +0000 2018,-0.128,0.079,0.824,0.097,21
21,BBCWorld,S Africa axe murderer gets life sentence https://t.co/YNM3N2GHmS,Thu Jun 07 09:23:26 +0000 2018,-0.6908,0.115,0.354,0.531,22
22,BBCWorld,RT @BBCBreaking: Human rights campaigners lose UK Supreme Court appeal over legality of Northern Ireland's abortion law https://t.co/dWihoH‚Ä¶,Thu Jun 07 08:52:42 +0000 2018,0.2263,0.161,0.717,0.121,23
23,BBCWorld,Afghanistan calls temporary Eid ceasefire with Taliban https://t.co/dpaa10QTGr,Thu Jun 07 08:42:38 +0000 2018,0.0,0.0,1.0,0.0,24
24,BBCWorld,Police officer piggybacks man across busy road https://t.co/AUq9Iy1E4r,Thu Jun 07 08:30:46 +0000 2018,0.0,0.0,1.0,0.0,25
25,BBCWorld,US embassy pulls more China staff over mystery illness https://t.co/mKcrHd1f4A,Thu Jun 07 08:09:10 +0000 2018,-0.4019,0.0,0.769,0.231,26
26,BBCWorld,Trump asks if Canada burnt down White House in call with PM https://t.co/4jnRiJYnfX,Thu Jun 07 08:04:36 +0000 2018,0.0,0.0,1.0,0.0,27
27,BBCWorld,"""Didn't you guys burn down the White House?"" Trump reportedly asked Canada's PM (they didn't) https://t.co/AFiDz6FwIH",Thu Jun 07 08:03:36 +0000 2018,0.0,0.0,1.0,0.0,28
28,BBCWorld,"European football is worth a record ¬£22bn, says Deloitte https://t.co/2u0DF8OcdV",Thu Jun 07 06:45:32 +0000 2018,0.2263,0.192,0.808,0.0,29
29,BBCWorld,RT @BBCMaryam: So as Emirates tests windowless planes we want to know whether you would rather see a virtual view or do you love being able‚Ä¶,Thu Jun 07 06:26:24 +0000 2018,0.6705,0.193,0.807,0.0,30
30,BBCWorld,"RT @BBCSteveR: It's ""Call the Kremlin"" time again. Vladimir Putin hosts his annual TV phone-in, when Russians ask him to solve their proble‚Ä¶",Thu Jun 07 06:21:04 +0000 2018,0.2023,0.076,0.924,0.0,31
31,BBCWorld,Spencer Tunick: Supermarket chain halts artist's nude shoot https://t.co/SvToiOAjpi,Thu Jun 07 06:01:22 +0000 2018,-0.34,0.0,0.769,0.231,32
32,BBCWorld,Beyonc√© and Jay-Z: Crazy In Love as tour opens in Cardiff https://t.co/iARjXGjd0D,Thu Jun 07 05:59:04 +0000 2018,0.4215,0.253,0.602,0.145,33
33,BBCWorld,Trump-Kim summit: Abe heads to US amid surge of diplomacy https://t.co/3W3PqnpZNi,Thu Jun 07 05:33:14 +0000 2018,0.0,0.0,1.0,0.0,34
34,BBCWorld,Arizona police violently beat unarmed Robert Johnson https://t.co/chEWF20d3f,Thu Jun 07 05:16:47 +0000 2018,-0.5859,0.0,0.648,0.352,35
35,BBCWorld,Football scandal in West Africa https://t.co/f9fxcesYd0,Thu Jun 07 03:01:45 +0000 2018,-0.4404,0.0,0.633,0.367,36
36,BBCWorld,Guatemala volcano: Emergency agency 'failed to heed warnings' https://t.co/UeFKuBgD8P,Thu Jun 07 01:54:32 +0000 2018,-0.7964,0.0,0.426,0.574,37
37,BBCWorld,Separation of migrant families: What other countries do https://t.co/bummTfGy1s,Wed Jun 06 23:38:56 +0000 2018,0.0,0.0,1.0,0.0,38
38,BBCWorld,Meet the nuns helping save a sacred species from extinction https://t.co/ZnNO70hVWK,Wed Jun 06 23:33:41 +0000 2018,0.6597,0.403,0.597,0.0,39
39,BBCWorld,G7 summit: Trapped in the world's most secure house https://t.co/vi0xs1ZJP0,Wed Jun 06 23:33:40 +0000 2018,-0.1796,0.191,0.568,0.241,40
40,BBCWorld,A North Korean wishlist: The three things Pyongyang wants https://t.co/Jhom6dFvdG,Wed Jun 06 23:33:40 +0000 2018,0.0,0.0,1.0,0.0,41
41,BBCWorld,Ethiopia offers Eritrea chance to end Africa's longest war https://t.co/FJE1bCvTjE,Wed Jun 06 23:17:39 +0000 2018,-0.4404,0.144,0.576,0.281,42
42,BBCWorld,"Storm over India film on women who 'smoke, drink and have sex' https://t.co/TsbQ2QeEcm",Wed Jun 06 23:12:51 +0000 2018,0.0,0.0,1.0,0.0,43
43,BBCWorld,The deadly cost of the US air war in Afghanistan https://t.co/83XJGbbxwJ,Wed Jun 06 23:08:13 +0000 2018,-0.5994,0.0,0.719,0.281,44
44,BBCWorld,Texas man nearly dies after being bitten by severed snake head https://t.co/0eT1E5Po4f,Wed Jun 06 23:08:13 +0000 2018,-0.3612,0.0,0.815,0.185,45
45,BBCWorld,"Kate Spade's husband: Apparent suicide a ""complete shock"" https://t.co/9tgj8h359d",Wed Jun 06 23:03:19 +0000 2018,-0.7964,0.0,0.458,0.542,46
46,BBCWorld,Trump accused of not knowing words to God Bless America https://t.co/FOMRl0Ld0w,Wed Jun 06 22:44:33 +0000 2018,0.4019,0.325,0.53,0.146,47
47,BBCWorld,Backwards commute: Car escapes traffic by driving in reverse https://t.co/R2nutyUeZW,Wed Jun 06 22:10:23 +0000 2018,0.128,0.143,0.857,0.0,48
48,BBCWorld,Slovakia: Why is a Nato state using Soviet-designed jets? https://t.co/ygICxWiyYI,Wed Jun 06 21:55:16 +0000 2018,0.0,0.0,1.0,0.0,49
49,BBCWorld,Scores of Ethiopian migrants drown off Yemen's coast https://t.co/KayTYyusIw,Wed Jun 06 21:18:42 +0000 2018,-0.5719,0.0,0.684,0.316,50
50,BBCWorld,RT @awzurcher: Expanding my thoughts on Trumps discovery of the undervalued power of the pardon. https://t.co/1CoKLdrIw2 https://t.co/dNVYQ‚Ä¶,Wed Jun 06 21:14:50 +0000 2018,0.3182,0.126,0.874,0.0,51
51,BBCWorld,"The axolotl - an amphibian on the very brink of extinction ‚Äì is believed to have mystical, healing powers.‚Ä¶ https://t.co/ILlZa7w9qC",Wed Jun 06 21:04:07 +0000 2018,0.0,0.0,1.0,0.0,52
52,BBCWorld,Immigrant detained after delivering pizza to Army base https://t.co/bhI0gWCnNA,Wed Jun 06 20:21:49 +0000 2018,-0.4019,0.0,0.748,0.252,53
53,BBCWorld,Trump attacks 'vicious' rumours about Melania https://t.co/fJ9ZDOqzAu,Wed Jun 06 19:06:57 +0000 2018,-0.4404,0.0,0.674,0.326,54
54,BBCWorld,Iraqi parliament orders manual election recount https://t.co/Wup3JOe0lM,Wed Jun 06 18:45:14 +0000 2018,0.0,0.0,1.0,0.0,55
55,BBCWorld,Giuliani: Kim Jong-un 'begged' for summit to take place https://t.co/LRoc7vsJdx,Wed Jun 06 17:43:51 +0000 2018,0.0,0.0,1.0,0.0,56
56,BBCWorld,World Cup 2018: Farmer sews 'longest' German flag https://t.co/i9hOJUcODT,Wed Jun 06 17:13:29 +0000 2018,0.0,0.0,1.0,0.0,57
57,BBCWorld,Jerry Maren: Last Wizard of Oz Munchkin dies aged 98 https://t.co/RoA28fv9Zi,Wed Jun 06 17:03:44 +0000 2018,0.0,0.0,1.0,0.0,58
58,BBCWorld,Trump grants Kardashian's clemency plea https://t.co/1LsfubcKpy,Wed Jun 06 16:51:30 +0000 2018,0.2263,0.275,0.725,0.0,59
59,BBCWorld,"RT @BBCBreaking: After a plea from Kim Kardashian, Donald Trump agrees to free great-grandmother jailed for two decades, US media say https‚Ä¶",Wed Jun 06 16:45:54 +0000 2018,0.2263,0.194,0.684,0.122,60
60,BBCWorld,Myanmar's military accused of violence against Kachin people https://t.co/e8Hc7w2HTy,Wed Jun 06 16:44:17 +0000 2018,-0.743,0.0,0.526,0.474,61
61,BBCWorld,Mandarin Oriental fire: Video shows smoke at London hotel https://t.co/QpxVMM2Q35,Wed Jun 06 16:03:30 +0000 2018,-0.34,0.0,0.789,0.211,62
62,BBCWorld,US child migrants: Sessions defends border separations https://t.co/sdhL1fXqaL,Wed Jun 06 15:58:25 +0000 2018,0.0,0.0,1.0,0.0,63
63,BBCWorld,French My Million lottery player scoops second ‚Ç¨1m jackpot https://t.co/EY4ycKXEOC,Wed Jun 06 15:29:14 +0000 2018,0.0,0.0,1.0,0.0,64
64,BBCWorld,Belleau Wood: Why this WWI battle is still important in US https://t.co/LX9Wy6uuZx,Wed Jun 06 15:14:01 +0000 2018,-0.2023,0.125,0.694,0.181,65
65,BBCWorld,Volkswagen admits it can't cope with new emissions tests https://t.co/F9XDn3cgj2,Wed Jun 06 14:54:28 +0000 2018,0.296,0.196,0.804,0.0,66
66,BBCWorld,"üßü‚Äç‚ôÇÔ∏èüßü‚Äç‚ôÄÔ∏èüßü‚Äç‚ôÇÔ∏èüßü‚Äç‚ôÄÔ∏èüßü‚Äç‚ôÇÔ∏èüßü‚Äç‚ôÄÔ∏èüßü‚Äç‚ôÇÔ∏èüßü‚Äç‚ôÄÔ∏èüßü‚Äç‚ôÇÔ∏èüßü‚Äç‚ôÄÔ∏èüßü‚Äç‚ôÇÔ∏èüßü‚Äç‚ôÄÔ∏èüßü‚Äç‚ôÇÔ∏èüßü‚Äç‚ôÄÔ∏èüßü‚Äç‚ôÇÔ∏èüßü‚Äç‚ôÄÔ∏èüßü‚Äç‚ôÇÔ∏èüßü‚Äç‚ôÄÔ∏èüßü‚Äç‚ôÇÔ∏èüßü‚Äç‚ôÄÔ∏èüßü‚Äç‚ôÇÔ∏èüßü‚Äç‚ôÄÔ∏èüßü‚Äç‚ôÇÔ∏èüßü‚Äç‚ôÄÔ∏èüßü‚Äç‚ôÇÔ∏èüßü‚Äç‚ôÄÔ∏èüßü‚Äç‚ôÇÔ∏èüßü‚Äç‚ôÇÔ∏è

https://t.co/b0KyhE4yFQ",Wed Jun 06 14:28:34 +0000 2018,0.0,0.0,1.0,0.0,67
67,BBCWorld,"RT @BBCSport: Why have Argentina cancelled their World Cup friendly against Israel?

The situation explained üëâ https://t.co/0KPwDmgp46 http‚Ä¶",Wed Jun 06 14:23:25 +0000 2018,0.296,0.158,0.743,0.099,68
68,BBCWorld,Pakistan relief after abducted journalist Gul Bukhari is freed https://t.co/8fsrhFR9ky,Wed Jun 06 14:13:09 +0000 2018,0.3612,0.36,0.435,0.205,69
69,BBCWorld,"üöì US police chase stolen armoured personnel carrier üöì 

https://t.co/Em4XXzkYL5 https://t.co/qnLGBOZOak",Wed Jun 06 14:00:21 +0000 2018,-0.4939,0.0,0.714,0.286,70
70,BBCWorld,Amazon and eBay pull CloudPets smart toys from sale https://t.co/4saBCNSp4i,Wed Jun 06 13:58:04 +0000 2018,0.5267,0.355,0.645,0.0,71
71,BBCWorld,"RT @BBCNewsNI: .@PresidentIRL apologises to women who were forced to work in Magdalene Laundries during ""a dark period in the country's his‚Ä¶",Wed Jun 06 13:34:08 +0000 2018,-0.296,0.073,0.806,0.121,72
72,BBCWorld,"Zdravko Mamic, Croatian football's Mr Big, given jail term https://t.co/AcEIAheY5V",Wed Jun 06 13:23:58 +0000 2018,0.0,0.0,1.0,0.0,73
73,BBCWorld,RT @BBCNewsGraphics: Women around the world are sidestepping legal barriers to abortion by buying pills online. https://t.co/umDxK1m8gQ htt‚Ä¶,Wed Jun 06 13:11:20 +0000 2018,0.128,0.081,0.919,0.0,74
74,BBCWorld,Stanford rape case judge Aaron Persky removed from office https://t.co/xz8U6X9Fqj,Wed Jun 06 12:23:35 +0000 2018,-0.6908,0.0,0.657,0.343,75
75,BBCWorld,Astronaut Pedro Duque named Spain's science minister https://t.co/mloOidh8F6,Wed Jun 06 12:23:33 +0000 2018,0.0,0.0,1.0,0.0,76
76,BBCWorld,Kim Kardashian West 'cried' over Kanye slavery comments https://t.co/9D3m12dhCU,Wed Jun 06 11:40:55 +0000 2018,-0.7003,0.0,0.625,0.375,77
77,BBCWorld,Job application tool PageUp suspects data breach https://t.co/qaO0YtUT1E,Wed Jun 06 11:19:31 +0000 2018,-0.34,0.0,0.745,0.255,78
78,BBCWorld,Emirates airline is testing virtual windows instead of real ones which could pave the way for lighter and faster pl‚Ä¶ https://t.co/Kbpo6Wb9fU,Wed Jun 06 10:53:51 +0000 2018,0.0,0.0,1.0,0.0,79
79,BBCWorld,Chinese city gets 'smartphone zombie' walkway https://t.co/0Hx7Uu6nhe,Wed Jun 06 10:48:57 +0000 2018,0.0,0.0,1.0,0.0,80
80,BBCWorld,The Twitter crime mystery that gripped Spain https://t.co/RdYguOvh9O,Wed Jun 06 10:10:45 +0000 2018,-0.5423,0.0,0.667,0.333,81
81,BBCWorld,Virginia police chase stolen armoured vehicle https://t.co/vgGw8LfxR4,Wed Jun 06 09:37:58 +0000 2018,-0.4939,0.0,0.652,0.348,82
82,BBCWorld,Emotional 'welcome home' for Magdalene survivors in Dublin https://t.co/QviqzdmJJB,Wed Jun 06 09:28:41 +0000 2018,0.5574,0.397,0.603,0.0,83
83,BBCWorld,Qatar Airways boss in 'heartfelt apology' for sexist remark https://t.co/CiXCf7HoBv,Wed Jun 06 09:26:15 +0000 2018,0.5719,0.37,0.63,0.0,84
84,BBCWorld,US police arrest soldier after stolen armoured vehicle chase https://t.co/7b1ACFmIIZ,Wed Jun 06 09:14:26 +0000 2018,-0.6808,0.0,0.588,0.412,85
85,BBCWorld,India's disabled dancers rocking the bhangra https://t.co/eXsunXbCfY,Wed Jun 06 07:54:34 +0000 2018,0.0,0.0,1.0,0.0,86
86,BBCWorld,Star Wars actress Kelly Marie Tran deletes Instagram posts after abuse https://t.co/ML9MtaaKmb,Wed Jun 06 07:51:51 +0000 2018,-0.8316,0.0,0.562,0.438,87
87,BBCWorld,India zoo animals beat the heat with fruit ice lollies https://t.co/t4ARbhOtUB,Wed Jun 06 07:51:51 +0000 2018,0.0,0.0,1.0,0.0,88
88,BBCWorld,Might Dennis Rodman at the Trump-Kim summit just work? https://t.co/etNtWIzE9n,Wed Jun 06 07:49:23 +0000 2018,0.0,0.0,1.0,0.0,89
89,BBCWorld,RT @SallyBundockBBC: Should @elonmusk be both CEO and Chairman - is that too much control or necessary for a pioneering company such as #Te‚Ä¶,Wed Jun 06 07:20:42 +0000 2018,0.0,0.0,1.0,0.0,90
90,BBCWorld,"RT @BBCSteveR: Recent TV interviews with Putin. 

Austrian TV asked about:
Troll factories
MH17 ('Why should we believe you?')
Turning Russ‚Ä¶",Wed Jun 06 06:42:12 +0000 2018,0.0,0.0,1.0,0.0,91
91,BBCWorld,Facebook confirms data-sharing agreements with Chinese firms https://t.co/BSKv1H67WW,Wed Jun 06 05:39:23 +0000 2018,0.2732,0.231,0.769,0.0,92
92,BBCWorld,Firemen save chickens from volcano eruption https://t.co/fW4LcsotX6,Wed Jun 06 05:06:38 +0000 2018,0.4939,0.348,0.652,0.0,93
93,BBCWorld,Kate Spade: Tributes pour in for 'great talent' after apparent suicide https://t.co/fHxT6RbJcp,Wed Jun 06 03:27:49 +0000 2018,0.34,0.338,0.441,0.221,94
94,BBCWorld,Elizabeth Wettlaufer: Canadian nurse's confession released https://t.co/eZS85X8dGw,Wed Jun 06 03:01:34 +0000 2018,0.0,0.0,1.0,0.0,95
95,BBCWorld,Tariffs and Trump: Why the G7 summit in Canada could be awkward https://t.co/Z5Zm9Mw0zh,Wed Jun 06 02:37:41 +0000 2018,-0.1531,0.0,0.882,0.118,96
96,BBCWorld,World Cup 2018: Welcome with a warning for England fans in Volgograd https://t.co/AhrNrGODff,Wed Jun 06 02:35:24 +0000 2018,0.1531,0.195,0.649,0.156,97
97,BBCWorld,Cultural coding classes for migrants in Norway https://t.co/onEjhOF0wY,Wed Jun 06 02:28:46 +0000 2018,0.0,0.0,1.0,0.0,98
98,BBCWorld,James Sutherland: Cricket Australia chief executive quits https://t.co/Z7IxQBS61w,Wed Jun 06 02:14:34 +0000 2018,0.0,0.0,1.0,0.0,99
99,BBCWorld,Trump-Kim summit to be held on Singapore's Sentosa island https://t.co/9wISgHNFVg,Wed Jun 06 02:04:36 +0000 2018,0.0,0.0,1.0,0.0,100
100,CBSNews,Crocodile eats small dog after years of being chased by Pippa the terrier https://t.co/lwhusyedfI https://t.co/U05ZZB95oC,Thu Jun 07 15:44:49 +0000 2018,0.0,0.0,1.0,0.0,1
101,CBSNews,WATCH: House Speaker Paul Ryan emerges from immigration talks as moderate Republicans launch a procedural maneuver‚Ä¶ https://t.co/jkea3BOtZ1,Thu Jun 07 15:40:04 +0000 2018,0.0,0.0,1.0,0.0,2
102,CBSNews,"WATCH LIVE: @Oprah Winfrey gives the keynote speech at a women's empowerment summit in Washington, D.C.‚Ä¶ https://t.co/DaSlNHmKig",Thu Jun 07 15:32:07 +0000 2018,0.0,0.0,1.0,0.0,3
103,CBSNews,Mick Mulvaney fires entire 25-person advisory board of Consumer Financial Protection Bureau https://t.co/V2flizEU8a https://t.co/najVchzLQL,Thu Jun 07 15:29:56 +0000 2018,0.0,0.0,1.0,0.0,4
104,CBSNews,WATCH: Shriner's Hospital in Texas gives an update on six children from Guatemala flown to hospital for treatment‚Ä¶ https://t.co/vF6KvykA6C,Thu Jun 07 15:25:21 +0000 2018,0.0,0.0,1.0,0.0,5
105,CBSNews,"Ikea will phase out plastic bags, straws and other single-use plastics by 2020: https://t.co/EI45JPv54x https://t.co/ZbND2bZoYF",Thu Jun 07 15:14:58 +0000 2018,0.0,0.0,1.0,0.0,6
106,CBSNews,WATCH: This driver appears to find an escape route out of traffic on the highway: putting his car in reverse and ba‚Ä¶ https://t.co/POv498v93z,Thu Jun 07 15:00:33 +0000 2018,0.1779,0.072,0.928,0.0,7
107,CBSNews,"Sen. Jeff Flake slams President Trump's tariffs as ""muddled and mercurial,"" calling the move ""not grown-up leadersh‚Ä¶ https://t.co/8JrB5fMsvy",Thu Jun 07 14:41:38 +0000 2018,0.0,0.0,1.0,0.0,8
108,CBSNews,"Newly released videos show the moments before Mesa, Arizona, police officers beat an unarmed black man‚Ä¶ https://t.co/OzYZF2etIE",Thu Jun 07 14:20:12 +0000 2018,0.0,0.0,1.0,0.0,9
109,CBSNews,Texas teen reunites with deported father at U.S.-Mexico border before high school graduation https://t.co/RiUUmUEvg0 https://t.co/fMSq1kLCoh,Thu Jun 07 14:02:43 +0000 2018,0.0,0.0,1.0,0.0,10
110,CBSNews,"The Trump administration has reached a ""definitive agreement"" with Chinese telecom giant ZTE, Commerce Secretary Wi‚Ä¶ https://t.co/gyChYEbHBS",Thu Jun 07 13:59:42 +0000 2018,0.5574,0.247,0.753,0.0,11
111,CBSNews,"RT @CBSThisMorning: .@CBSMMiller's dad was the first trauma surgeon to treat RFK and rushed backstage when he was shot.

""To tell [RFK Jr.]‚Ä¶",Thu Jun 07 13:46:36 +0000 2018,-0.0258,0.102,0.792,0.106,12
112,CBSNews,"""Thanks for delivering me"": State trooper stops retired cop who delivered him as a baby https://t.co/MzlH3KUTzZ https://t.co/uCogvpIT8r",Thu Jun 07 13:44:41 +0000 2018,0.3182,0.157,0.757,0.086,13
113,CBSNews,"U.S. pulls more staff from China over mysterious health issues, like those that have hurt U.S. personnel in Cuba‚Ä¶ https://t.co/hXPHKOKtzN",Thu Jun 07 13:31:06 +0000 2018,-0.2263,0.105,0.753,0.142,14
114,CBSNews,"Alice Johnson thanks President Trump for commuting her life sentence: ""I hope that my life encourages him to do thi‚Ä¶ https://t.co/IFvVtxVxkO",Thu Jun 07 13:15:01 +0000 2018,0.8402,0.37,0.63,0.0,15
115,CBSNews,"A Tennessee man sent back to prison after his release is ""worthy of a second chance,"" his lawyer says‚Ä¶ https://t.co/ai37bxtiSw",Thu Jun 07 12:59:39 +0000 2018,-0.1027,0.131,0.721,0.149,16
116,CBSNews,"Actress Maggie Siff stars in the hit series ""Billions"" opposite Paul Giamatti and Damian Lewis. Siff plays Wendy Rh‚Ä¶ https://t.co/16o042yU6N",Thu Jun 07 12:49:05 +0000 2018,0.25,0.095,0.905,0.0,17
117,CBSNews,"RT @CBSThisMorning: .@GayleKing had an emotional reaction to the new #WatchingOprah exhibit at @NMAAHC: ""She really is a good human who jus‚Ä¶",Thu Jun 07 12:48:26 +0000 2018,0.5829,0.201,0.799,0.0,18
118,CBSNews,"Alice Johnson has a special message for @KimKardashian who pled to get her out of prison: ""Thank you for never givi‚Ä¶ https://t.co/9hpxbX56To",Thu Jun 07 12:40:06 +0000 2018,0.2263,0.196,0.679,0.125,19
119,CBSNews,Americans are marking the 50th anniversary of the death of Robert F. Kennedy. RFK was assassinated minutes after wi‚Ä¶ https://t.co/kbFo30JHJO,Thu Jun 07 12:35:40 +0000 2018,-0.5994,0.0,0.83,0.17,20
120,CBSNews,Here‚Äôs a look at some of this morning‚Äôs headlines on @CBSThisMorning https://t.co/Gzp1kVAgrQ,Thu Jun 07 12:35:06 +0000 2018,0.0,0.0,1.0,0.0,21
121,CBSNews,"EPA lawyer Sarah Greenwalt, a longtime aide to EPA Administrator Scott Pruitt, has resigned her position, CBS News‚Ä¶ https://t.co/n7cx9KAUGR",Thu Jun 07 12:19:50 +0000 2018,-0.25,0.0,0.895,0.105,22
122,CBSNews,The Smithsonian's National Museum of African American History and Culture is opening a new exhibit this week called‚Ä¶ https://t.co/fLXscuIyco,Thu Jun 07 12:18:21 +0000 2018,0.0,0.0,1.0,0.0,23
123,CBSNews,Yesterday was First lady Melania Trump's first public appearance since getting treated for a benign kidney conditio‚Ä¶ https://t.co/3MU8iRJsPT,Thu Jun 07 12:14:12 +0000 2018,0.3182,0.126,0.874,0.0,24
124,CBSNews,"Kate Spade's husband, Andy Spade, says the fashion designer ""suffered from depression"" and was ""actively seeking he‚Ä¶ https://t.co/YkIIFLVbfy",Thu Jun 07 12:06:25 +0000 2018,-0.6808,0.095,0.62,0.285,25
125,CBSNews,"A man sent back to prison, after his sentence was reduced by mistake, is expected to file for clemency next week. M‚Ä¶ https://t.co/8ShZPfT3P0",Thu Jun 07 12:03:00 +0000 2018,-0.6597,0.05,0.731,0.219,26
126,CBSNews,Commentary: Is the GOP about to pass an immigration amnesty? https://t.co/b3rV8LmTO3 https://t.co/U82ayoMSQz,Thu Jun 07 12:00:47 +0000 2018,0.0,0.0,1.0,0.0,27
127,CBSNews,Here‚Äôs a look at some of this morning‚Äôs headlines on @CBSThisMorning: https://t.co/FyylIbhKcI,Thu Jun 07 11:58:43 +0000 2018,0.0,0.0,1.0,0.0,28
128,CBSNews,A man has been arrested for allegedly putting suspected rat poison in pizza cheese in the shop where he worked‚Ä¶ https://t.co/5sWtGMKViz,Thu Jun 07 11:39:42 +0000 2018,-0.8176,0.0,0.667,0.333,29
129,CBSNews,"Aman sent back to prison, after his sentence was reduced by mistake, is expected to file for clemency next week. Ma‚Ä¶ https://t.co/EjDgF8V3Xg",Thu Jun 07 11:36:05 +0000 2018,-0.6597,0.05,0.731,0.219,30
130,CBSNews,"RT @CBSThisMorning: Alice Johnson has a special message for @KimKardashian who plead to get her out of prison: ""Thank you for never giving‚Ä¶",Thu Jun 07 11:24:04 +0000 2018,0.2263,0.189,0.691,0.12,31
131,CBSNews,"Samantha Bee says she ""crossed the line"" when she used a sexist and vulgar word to describe Ivanka Trump. The comed‚Ä¶ https://t.co/nrTKCqrT2I",Thu Jun 07 11:21:29 +0000 2018,0.0,0.0,1.0,0.0,32
132,CBSNews,"Kate Spade's husband Andy Spade issued a statement Wednesday saying the designer ""suffered from depression and anxi‚Ä¶ https://t.co/BorhLbvGBF",Thu Jun 07 11:20:36 +0000 2018,-0.7845,0.0,0.685,0.315,33
133,CBSNews,Six children injured in the eruption of Guatemala‚Äôs Volcan de Fuego are now in Texas for treatment for burns. The e‚Ä¶ https://t.co/9WpB0etIlH,Thu Jun 07 11:19:50 +0000 2018,-0.4019,0.0,0.886,0.114,34
134,CBSNews,Six children inured by the devastating volcanic eruption in Guatemala were in Texas on Thursday morning to receive‚Ä¶ https://t.co/DdAVhgZ8HQ,Thu Jun 07 11:19:47 +0000 2018,-0.6486,0.0,0.807,0.193,35
135,CBSNews,"North Korea has not responded to provocative comments from President Trump‚Äôs lawyer, Rudy Giuliani‚Ä¶ https://t.co/Ke7uNxUV4f",Thu Jun 07 11:18:35 +0000 2018,0.0,0.0,1.0,0.0,36
136,CBSNews,"Warning: This video is disturbing.
Mesa's police chief is promising changes in his department after new bodycam vid‚Ä¶ https://t.co/wBLPqg152E",Thu Jun 07 11:17:46 +0000 2018,-0.4588,0.111,0.656,0.234,37
137,CBSNews,"‚ÄúI would tell President Trump, ‚ÄòThank you so much. That I am going to be that one that is going to make you so prou‚Ä¶ https://t.co/wm8KQhykiZ",Thu Jun 07 11:16:46 +0000 2018,0.0,0.0,1.0,0.0,38
138,CBSNews,‚ÄúI want to tell my war angel I thank you for never giving up. That you did it. You never gave up on me. You fought‚Ä¶ https://t.co/KpYESRDt6M,Thu Jun 07 11:15:03 +0000 2018,-0.4829,0.12,0.693,0.187,39
139,CBSNews,.@jdickerson: What was it like to get that phone call from Kim Kardashian West that let you know that you‚Äôd be gett‚Ä¶ https://t.co/UskBViLeq4,Thu Jun 07 11:12:10 +0000 2018,0.3612,0.102,0.898,0.0,40
140,CBSNews,"‚ÄúThe city has changed a lot. I kept asking, ‚ÄòWhere am I?‚Äô I noticed new buildings. And I noticed people on the phon‚Ä¶ https://t.co/OUqd917mHe",Thu Jun 07 11:09:51 +0000 2018,0.0,0.0,1.0,0.0,41
141,CBSNews,President Trump commuted Alice Johnson's life sentence on Wednesday after she was imprisoned for 21 years for her r‚Ä¶ https://t.co/VSRLePA8Kb,Thu Jun 07 11:07:56 +0000 2018,-0.4019,0.058,0.807,0.135,42
142,CBSNews,Alice Johnson who was imprisoned for 21 years is back home after Pres. Trump commuted her life sentence. Johnson le‚Ä¶ https://t.co/SARHcwxsmh,Thu Jun 07 11:05:49 +0000 2018,-0.4019,0.056,0.815,0.129,43
143,CBSNews,Afghan President Ashraf Ghani announces a weeklong cease-fire with the Taliban to coincide with the holiday marking‚Ä¶ https://t.co/MlDuMULpWX,Thu Jun 07 10:59:48 +0000 2018,0.4019,0.144,0.856,0.0,44
144,CBSNews,Coming up: @CBSThisMorning will talk to the woman whose life sentence on non-violent drug charges was commuted by P‚Ä¶ https://t.co/OOIgXsfj2q,Thu Jun 07 10:49:46 +0000 2018,-0.2023,0.061,0.841,0.098,45
145,CBSNews,AHEAD on @CBSThisMorning: @GayleKing is with @Oprah Winfrey in D.C. for an emotional first look at a major new exhi‚Ä¶ https://t.co/67l6Rtx3gR,Thu Jun 07 10:45:23 +0000 2018,0.1531,0.078,0.922,0.0,46
146,CBSNews,"Samantha Bee addresses Ivanka Trump controversy: ""I should have known that a potty-mouthed insult would be inherent‚Ä¶ https://t.co/QI91JHmqXE",Thu Jun 07 10:39:51 +0000 2018,-0.5106,0.0,0.829,0.171,47
147,CBSNews,Matthew Charles reformed his life when his prison sentence was shortened in 2016. Now a Tennessee judge is sending‚Ä¶ https://t.co/qrLjk9cQOm,Thu Jun 07 10:30:59 +0000 2018,-0.4588,0.06,0.787,0.153,48
148,CBSNews,"Family of Japanese abductee to President Trump: You are our family‚Äôs last hope
https://t.co/b2FWlaz57p https://t.co/p6Su3v3da6",Thu Jun 07 10:20:17 +0000 2018,0.4404,0.172,0.828,0.0,49
149,CBSNews,Republicans prepare for major immigration meeting Thursday https://t.co/Kh0Rr866RK https://t.co/2qTqlnkXCD,Thu Jun 07 10:03:05 +0000 2018,0.0,0.0,1.0,0.0,50
150,CBSNews,Guatemala and Hawaii volcanoes: How do they stack up? https://t.co/IwK6U6U578 https://t.co/mcSIbIPYSz,Thu Jun 07 09:48:04 +0000 2018,0.0,0.0,1.0,0.0,51
151,CBSNews,Security monitor told police he saw Florida gunman minutes before massacre https://t.co/LQyGGzCLsK https://t.co/tD671GvzHN,Thu Jun 07 09:33:03 +0000 2018,0.34,0.167,0.833,0.0,52
152,CBSNews,"Woman catches foul ball in beer at Padres game, proceeds to chug the beer with the ball in it‚Ä¶ https://t.co/qMNcK8V9ip",Thu Jun 07 09:19:04 +0000 2018,0.0,0.0,1.0,0.0,53
153,CBSNews,Europe to impose retaliatory tariffs on U.S. imports https://t.co/3SkBZc1pB5 https://t.co/DymKZXxjCQ,Thu Jun 07 09:03:04 +0000 2018,-0.296,0.0,0.804,0.196,54
154,CBSNews,Undocumented immigrant arrested while trying to deliver pizza to military base https://t.co/30aKrbWCh3 https://t.co/tj1eSxkdXp,Thu Jun 07 08:48:04 +0000 2018,-0.4767,0.0,0.795,0.205,55
155,CBSNews,Real estate headache: Baby boomers who won't sell their homes https://t.co/4WubITAuSR https://t.co/yLdLxNF18d,Thu Jun 07 08:33:03 +0000 2018,0.0,0.0,1.0,0.0,56
156,CBSNews,120-pound dog carried down mountain by rescue team after suffering dehydration https://t.co/4KgEqxpHmS https://t.co/6lLYIzkgiT,Thu Jun 07 08:18:04 +0000 2018,0.0516,0.19,0.632,0.178,57
157,CBSNews,"Possible intended target in Ariz. murder spree: ‚ÄúI knew what the connection was"" https://t.co/wSrRbjBPvm https://t.co/2z6sc937Jf",Thu Jun 07 08:03:06 +0000 2018,-0.6908,0.0,0.749,0.251,58
158,CBSNews,"Details emerge about Kate Spade's suicide note, personal struggles https://t.co/ohV6jIv3KB https://t.co/XmjTWGtYeu",Thu Jun 07 07:48:03 +0000 2018,-0.7906,0.0,0.562,0.438,59
159,CBSNews,Top EPA aide Millan Hupp is leaving https://t.co/HPpGOC53Cj https://t.co/7Ot6P4sBKo,Thu Jun 07 07:33:04 +0000 2018,0.2023,0.184,0.816,0.0,60
160,CBSNews,Chris Farley's family sues Trek over name of fat-tired bikes https://t.co/0buFPCyL79 https://t.co/jccK98YyUr,Thu Jun 07 07:18:04 +0000 2018,0.0,0.0,1.0,0.0,61
161,CBSNews,Soldier accused of stealing armored vehicle seemed to foreshadow plan with tweet https://t.co/FbhrEvLJ7Y,Thu Jun 07 07:03:03 +0000 2018,-0.7096,0.0,0.651,0.349,62
162,CBSNews,KFC creating vegetarian version of its fried chicken in U.K. https://t.co/PuDshIwaxB https://t.co/xQwgyajVIg,Thu Jun 07 06:48:05 +0000 2018,0.296,0.167,0.833,0.0,63
163,CBSNews,CFPB chief Mick Mulvaney disbands consumer protection board https://t.co/sIyJhGUGrR https://t.co/H9tyVH5rZT,Thu Jun 07 06:33:04 +0000 2018,0.0,0.0,1.0,0.0,64
164,CBSNews,Severed rattlesnake head bites man who decapitated it https://t.co/gz1A1Bazvu https://t.co/kBHOHZKys6,Thu Jun 07 06:18:04 +0000 2018,-0.3612,0.0,0.783,0.217,65
165,CBSNews,Grim end to multi-state search for father suspected of fleeing with toddler son https://t.co/eYnM4LDHFU https://t.co/YNcKBb2IjG,Thu Jun 07 06:03:03 +0000 2018,-0.6808,0.0,0.699,0.301,66
166,CBSNews,Comcast Xfinity outage: Businesses across U.S. lose phone service https://t.co/WusND1ETh7 https://t.co/i8llQbvg8T,Thu Jun 07 05:48:03 +0000 2018,-0.4019,0.0,0.787,0.213,67
167,CBSNews,Mesa officers placed on leave after video shows them repeatedly punching man https://t.co/PGvpdZiN5Y https://t.co/ZCMe7PSbe6,Thu Jun 07 05:33:03 +0000 2018,-0.0516,0.0,0.915,0.085,68
168,CBSNews,Steel workers ask Trump to halt metal tariffs https://t.co/WZjYI4Hyms https://t.co/788U9tLEvH,Thu Jun 07 05:18:04 +0000 2018,0.0,0.0,1.0,0.0,69
169,CBSNews,"In new documentary, David Cassidy says he lied about his health https://t.co/hfYfrb9dSY https://t.co/EdHoAja9o1",Thu Jun 07 05:03:03 +0000 2018,-0.3818,0.0,0.822,0.178,70
170,CBSNews,Crocodile fatally mauls pastor baptizing followers at lake https://t.co/T9iH0hjOKA https://t.co/Cl4amm8iFA,Thu Jun 07 04:48:05 +0000 2018,-0.6369,0.0,0.682,0.318,71
171,CBSNews,"Serial child rapist, whose pending release drew outcry, arrested on new charges https://t.co/BknL8tMZ3b https://t.co/ZMo68Zwo8A",Thu Jun 07 04:33:04 +0000 2018,-0.9246,0.0,0.427,0.573,72
172,CBSNews,Guatemala and Hawaii volcanoes: How do they stack up? https://t.co/cYPytZC8Rq https://t.co/OJN5JfvNG8,Thu Jun 07 04:18:04 +0000 2018,0.0,0.0,1.0,0.0,73
173,CBSNews,Kate Spade suicide: Andy Spade gives statement after designer's death https://t.co/fjJoJI75uo https://t.co/VwWMgo5pMu,Thu Jun 07 04:03:04 +0000 2018,-0.8555,0.0,0.543,0.457,74
174,CBSNews,"Woman catches foul ball in beer at Padres game, proceeds to chug the beer with the ball in it‚Ä¶ https://t.co/vwQrtdgme6",Thu Jun 07 03:48:06 +0000 2018,0.0,0.0,1.0,0.0,75
175,CBSNews,Undocumented immigrant arrested while trying to deliver pizza to military base https://t.co/AU0yrZY9Yv https://t.co/FyDdqrRARO,Thu Jun 07 03:33:03 +0000 2018,-0.4767,0.0,0.795,0.205,76
176,CBSNews,"Details emerge about Kate Spade's suicide note, personal struggles https://t.co/0XaY6yLDI6 https://t.co/cH4G7IpO9Z",Thu Jun 07 03:18:03 +0000 2018,-0.7906,0.0,0.562,0.438,77
177,CBSNews,"Former Obama adviser Ben Rhodes gives rapid fire opinions of foreign leaders including Kim Jong Un, Angela Merkel o‚Ä¶ https://t.co/CXYMkBbdtE",Thu Jun 07 02:54:55 +0000 2018,-0.34,0.0,0.888,0.112,78
178,CBSNews,"Man repeatedly rams an SUV, tears off parts of the car and jumps on its roof in a strange road rage incident that s‚Ä¶ https://t.co/p0LJb6tZpN",Thu Jun 07 02:29:35 +0000 2018,-0.743,0.0,0.742,0.258,79
179,CBSNews,"""This is the greatest day of my life."" Alice Marie Johnson embraces her family in an emotional reunion after Presid‚Ä¶ https://t.co/wiSC2Bd6KM",Thu Jun 07 02:10:12 +0000 2018,0.7003,0.234,0.766,0.0,80
180,CBSNews,‚ÄúSex and the City‚Äù turns 20 today but the show‚Äôs biggest theme is still relevant https://t.co/le20Pgt4Aw,Thu Jun 07 01:50:31 +0000 2018,0.0,0.0,1.0,0.0,81
181,CBSNews,Experts say the U.S. and North Korea could agree on a framework to denuclearize and open up channels of communicati‚Ä¶ https://t.co/Jhrp2vQ1jl,Thu Jun 07 01:32:18 +0000 2018,0.3612,0.116,0.884,0.0,82
182,CBSNews,"""Your own story doesn't go away"" because you're working in the White House, former President Obama's deputy nationa‚Ä¶ https://t.co/fQJj9kC0UB",Thu Jun 07 01:04:45 +0000 2018,0.0,0.0,1.0,0.0,83
183,CBSNews,"Stormy Daniels suit claims ex-lawyer colluded with Michael Cohen, Pres. Trump and Fox News https://t.co/jgl0XuTmao https://t.co/6bJpRUl8sM",Thu Jun 07 00:44:54 +0000 2018,0.0,0.0,1.0,0.0,84
184,CBSNews,"RT @CBSThisMorning: WATCH: @Oprah Winfrey is checking out her brand new #WatchingOprah exhibit for the first time, opening Friday at @NMAAH‚Ä¶",Thu Jun 07 00:41:14 +0000 2018,0.0,0.0,1.0,0.0,85
185,CBSNews,"GOP Sen. Ernst says EPA chief Scott Pruitt ""did lie"" on ethanol pledge, is ""undercutting"" President Trump‚Ä¶ https://t.co/zjKrVhv1zN",Thu Jun 07 00:24:56 +0000 2018,0.0,0.0,1.0,0.0,86
186,CBSNews,"Netflix announced on Wednesday that it is renewing hit teen drama ""13 Reasons Why"" for another season‚Ä¶ https://t.co/sfdZ1fNDqn",Thu Jun 07 00:04:33 +0000 2018,0.0,0.0,1.0,0.0,87
187,CBSNews,"""When you're my age, there's gotta be some things you can get away with,"": Equity Group Investments founder uses cr‚Ä¶ https://t.co/xqSGHxLMJQ",Wed Jun 06 23:39:47 +0000 2018,0.0,0.0,1.0,0.0,88
188,CBSNews,A Texas courtroom burst into chaos on Tuesday after defendant Daniel Moreno Lopez was found guilty of a gruesome mu‚Ä¶ https://t.co/Y1xDcN3nEo,Wed Jun 06 23:19:36 +0000 2018,-0.7579,0.0,0.723,0.277,89
189,CBSNews,This alligator is a fighter: Florida animal knocks Fish and Wildlife officer out cold as he tries to escape capture‚Ä¶ https://t.co/cXR9QwsgKK,Wed Jun 06 23:15:01 +0000 2018,0.3182,0.155,0.845,0.0,90
190,CBSNews,"Robert F. Kennedy died 50 years ago today, assassinated as he campaigned for president. 

@jdickerson takes us back‚Ä¶ https://t.co/so22oxexXm",Wed Jun 06 23:03:14 +0000 2018,-0.5574,0.0,0.833,0.167,91
191,CBSNews,Voters unseated Judge Aaron Persky for giving what many thought was a weak sentence in a disturbing sexual assault‚Ä¶ https://t.co/DwSH1wg7ip,Wed Jun 06 23:01:02 +0000 2018,-0.5423,0.155,0.586,0.259,92
192,CBSNews,"In the Phoenix suburb of Mesa, Arizona, four officers were put on paid administrative leave after surveillance vide‚Ä¶ https://t.co/mnEeUhNzNu",Wed Jun 06 22:57:17 +0000 2018,-0.0516,0.0,0.938,0.062,93
193,CBSNews,A contractor was arrested as he reported for work at the White House yesterday. He had been wanted for weeks for at‚Ä¶ https://t.co/9I6hSIHLZF,Wed Jun 06 22:54:17 +0000 2018,-0.4767,0.0,0.871,0.129,94
194,CBSNews,"Five days before the nuclear summit with North Korea, President Trump's lawyer Rudy Giuliani made a few waves with‚Ä¶ https://t.co/CMkmt8bY1C",Wed Jun 06 22:52:00 +0000 2018,0.0,0.0,1.0,0.0,95
195,CBSNews,A barrage of hail stones hit Dallas overnight with frightening force. @DavidBegnaud has more. https://t.co/t19Rnxg0mg,Wed Jun 06 22:50:06 +0000 2018,-0.4404,0.079,0.727,0.194,96
196,CBSNews,U.S. Air Force flew several children injured in the Guatemalan volcano explosion to the U.S. for treatment of burns‚Ä¶ https://t.co/5rlbyuSmUy,Wed Jun 06 22:47:02 +0000 2018,-0.4019,0.0,0.876,0.124,97
197,CBSNews,"Pres. Trump granted clemency to Alice Johnson, a first-time nonviolent drug offender. She had a high-profile advoca‚Ä¶ https://t.co/nBIJnr2Eyo",Wed Jun 06 22:39:03 +0000 2018,-0.128,0.108,0.757,0.135,98
198,CBSNews,"RT @CBSEveningNews: We‚Äôre on the air in the East. @JeffGlor is live from Studio 57 in NYC

Thanks for being with us #OriginalReporting #CBS‚Ä¶",Wed Jun 06 22:33:13 +0000 2018,0.4404,0.112,0.888,0.0,99
199,CBSNews,"""Solo: A Star Wars Story"" may chart a new path for the storied sci-fi franchise -- by losing money.‚Ä¶ https://t.co/DBr1rwYlML",Wed Jun 06 22:21:16 +0000 2018,-0.7351,0.0,0.721,0.279,100
200,CNN,"A former Fox News military analyst now says Fox is doing a ""great deal of damage"" to the United States https://t.co/bfQ5xr7Ort",Thu Jun 07 15:46:03 +0000 2018,0.5719,0.264,0.613,0.123,1
201,CNN,"Hope Solo, one of America's most decorated soccer players, says the 2026 World Cup should go to a ""more deserving""‚Ä¶ https://t.co/WHlcCePlRs",Thu Jun 07 15:39:00 +0000 2018,0.4404,0.132,0.868,0.0,2
202,CNN,"One step on the island of Bermuda, and it's impossible not to be moved by its beauty, history, simplicity and charm‚Ä¶ https://t.co/o2zqkb8Yhr",Thu Jun 07 15:32:00 +0000 2018,0.5859,0.153,0.847,0.0,3
203,CNN,"President Trump's lawyer, Rudy Giuliani, says he stands by his recent comments that adult film actress Stormy Danie‚Ä¶ https://t.co/zCWNWDWuPc",Thu Jun 07 15:25:07 +0000 2018,0.0,0.0,1.0,0.0,4
204,CNN,"Alice Marie Johnson ""thankful"" to President Trump for commuting sentence https://t.co/KxtRfzORpW https://t.co/iVzuqzI2bV",Thu Jun 07 15:18:07 +0000 2018,0.0772,0.106,0.894,0.0,5
205,CNN,"President Trump says Coast Guard rescued people who ""went out in their boats to watch"" Harvey‚Ä¶ https://t.co/5C09OJGlaQ",Thu Jun 07 15:11:07 +0000 2018,0.4215,0.149,0.851,0.0,6
206,CNN,The shallow optimism for President Trump's summit with North Korea https://t.co/Z6UJxSpGj8 https://t.co/5t97fumKmg,Thu Jun 07 15:04:04 +0000 2018,0.5423,0.241,0.759,0.0,7
207,CNN,US cuts a deal with Chinese smartphone maker ZTE https://t.co/FrjXGlyWZm https://t.co/tKZJNSCqSb,Thu Jun 07 14:57:09 +0000 2018,-0.296,0.0,0.804,0.196,8
208,CNN,Refreshed Rafael Nadal surges into French Open semifinals https://t.co/Gah737L904 https://t.co/j4p8eeAX6h,Thu Jun 07 14:50:05 +0000 2018,0.0,0.0,1.0,0.0,9
209,CNN,"How we talk about Kate Spade could help others survive, writes Gayle Brandeis for @CNNOpinion‚Ä¶ https://t.co/CLA4XGc0Ad",Thu Jun 07 14:43:07 +0000 2018,0.4019,0.153,0.847,0.0,10
210,CNN,Amazon will show 20 Premier League matches in UK https://t.co/fSgG0oUhmE https://t.co/ykyc37QUdL,Thu Jun 07 14:36:06 +0000 2018,0.1779,0.145,0.855,0.0,11
211,CNN,"Kim Jong Un's regime is using American technology, researchers find https://t.co/lrYytE7f8Q https://t.co/Dga78Qm1bs",Thu Jun 07 14:29:06 +0000 2018,0.0,0.0,1.0,0.0,12
212,CNN,Fashion designer Kate Spade's suicide spotlights the importance of recognizing the potential warning signs when som‚Ä¶ https://t.co/KYgMbAU6fq,Thu Jun 07 14:22:07 +0000 2018,-0.6597,0.107,0.598,0.295,13
213,CNN,"""We want to read Andy Spade's statement in full. It's long but we think it's important."" CNN's Alisyn Camerota read‚Ä¶ https://t.co/usdIRiKkm7",Thu Jun 07 14:17:54 +0000 2018,0.0387,0.054,0.946,0.0,14
214,CNN,A US-North Korea friendship would be a perfect bulwark against China | By S. Nathan Park via @CNNOpinion‚Ä¶ https://t.co/V6YHvQrkUh,Thu Jun 07 14:10:07 +0000 2018,0.765,0.32,0.68,0.0,15
215,CNN,"European mental health institutions fall ""far below the standard,"" with no single institution meeting all of the st‚Ä¶ https://t.co/6anxJzD1ws",Thu Jun 07 14:05:05 +0000 2018,-0.296,0.0,0.891,0.109,16
216,CNN,"Torn from their families in the US, Salvadoran deportees return to a gang-ravaged homeland https://t.co/wlLm4xuPhU https://t.co/Zr8cGjiNqC",Thu Jun 07 13:53:04 +0000 2018,-0.25,0.0,0.875,0.125,17
217,CNN,"Why French judoka Romane Dicko is more than just the ""female Teddy Riner"" https://t.co/IjEERaAxNA https://t.co/YXJ8fhUz8b",Thu Jun 07 13:46:08 +0000 2018,0.0,0.0,1.0,0.0,18
218,CNN,"The Army got upgraded guns. For months, the public didn't. Now, two injured law enforcement officers are suing.‚Ä¶ https://t.co/7jNfLH9mte",Thu Jun 07 13:44:57 +0000 2018,0.3089,0.111,0.889,0.0,19
219,CNN,Japan's Prime Minister Shinzo Abe wants to make Trump's North Korea talks even more complicated -- pushing the topi‚Ä¶ https://t.co/G3910ctt68,Thu Jun 07 13:33:04 +0000 2018,0.0,0.0,1.0,0.0,20
220,CNN,"Former NBA star Dennis Rodman is ""considering going to Singapore,"" for the upcoming summit between President Donald‚Ä¶ https://t.co/7tZOteQqoR",Thu Jun 07 13:31:05 +0000 2018,0.0,0.0,1.0,0.0,21
221,CNN,Tesla's stock price soared as investors were encouraged by CEO Elon Musk's pledge that Model 3 production has turne‚Ä¶ https://t.co/2HdvfY3KeT,Thu Jun 07 13:26:09 +0000 2018,0.3612,0.122,0.878,0.0,22
222,CNN,It's hard to remember a time when Starbucks wasn't on every big-city corner and in every US suburban shopping cente‚Ä¶ https://t.co/lRY1WPLjKx,Thu Jun 07 13:22:04 +0000 2018,-0.1027,0.0,0.931,0.069,23
223,CNN,The maker of Jack Daniel's is worried about the impact of a trade war https://t.co/5mq2tkPH6b https://t.co/wM78ddang3,Thu Jun 07 13:16:03 +0000 2018,-0.7269,0.0,0.681,0.319,24
224,CNN,World Cup 2022: Meet the Qataris making the most of soccer's showcase https://t.co/7xDsEFWlAe https://t.co/2r6LZcsk5j,Thu Jun 07 13:10:08 +0000 2018,0.0,0.0,1.0,0.0,25
225,CNN,"‚ÄúWhen Kim saw this, she didn‚Äôt just look at it and walk away, Kim acted. Many people saw it, but she was the only o‚Ä¶ https://t.co/jxCEPvil5A",Thu Jun 07 13:10:00 +0000 2018,0.0,0.0,1.0,0.0,26
226,CNN,"Satellite images appear to show that North Korea has dismantled one of its missile testing sites, according to a pr‚Ä¶ https://t.co/sbxqraynuA",Thu Jun 07 13:04:07 +0000 2018,0.0,0.0,1.0,0.0,27
227,CNN,"""My plan is to start work. I already have a job secured. My plan is also to work hard on helping to change some of‚Ä¶ https://t.co/Nqbsk54ZPu",Thu Jun 07 13:03:00 +0000 2018,0.5423,0.179,0.769,0.051,28
228,CNN,"Alice Marie Johnson, whose life sentence Trump commuted, says she'd tell him ""thank you"" for ""not just looking at s‚Ä¶ https://t.co/kHzHN0WzW1",Thu Jun 07 12:56:00 +0000 2018,0.4215,0.167,0.833,0.0,29
229,CNN,An iconic Tour de France-winning 1963 Ferrari 250 GTO has sold for $70 million. It is believed to be the most expen‚Ä¶ https://t.co/EetpGyBB4s,Thu Jun 07 12:49:06 +0000 2018,0.0,0.0,1.0,0.0,30
230,CNN,"How a double amputee conquered Everest, 43 years after his first attempt https://t.co/pmaHXdQSyU https://t.co/nChKfA1pg3",Thu Jun 07 12:42:05 +0000 2018,0.0,0.0,1.0,0.0,31
231,CNN,This doctor's test has saved millions of babies https://t.co/c8PFQ16GO8 https://t.co/EYbQNKoXiS,Thu Jun 07 12:35:06 +0000 2018,0.4215,0.237,0.763,0.0,32
232,CNN,CNN‚Äôs @VanJones68 sits down exclusively with @KimKardashian West for her reaction to President Trump‚Äôs decision to‚Ä¶ https://t.co/OoegpCODNE,Thu Jun 07 12:28:06 +0000 2018,0.0,0.0,1.0,0.0,33
233,CNN,RT @CNNMoney: BREAKING: Wilbur Ross says the US and China's ZTE have reached a deal https://t.co/ElZYy6H2ll https://t.co/1vlunGVsCN,Thu Jun 07 12:27:04 +0000 2018,0.1027,0.085,0.915,0.0,34
234,CNN,Ethiopia's new Prime Minister has had a stellar two months ‚Äî can he keep it up? https://t.co/sKIfNa3yT5 https://t.co/xl5GW9MPUD,Thu Jun 07 12:21:05 +0000 2018,0.0,0.0,1.0,0.0,35
235,CNN,Afghanistan announces temporary ceasefire with the Taliban https://t.co/hippBqKu1A https://t.co/aly6JOvKHb,Thu Jun 07 12:14:03 +0000 2018,0.0,0.0,1.0,0.0,36
236,CNN,"Stormy Daniels' lawyer calls Rudy Giuliani an ""absolute pig"" over comments https://t.co/4EJg4QT9ek https://t.co/Dt7ROcIbBm",Thu Jun 07 12:07:06 +0000 2018,0.0,0.0,1.0,0.0,37
237,CNN,Man detained by immigration officers after delivering pizza to Army base https://t.co/zUqYN9MYtZ https://t.co/KlHmFCSfK9,Thu Jun 07 12:00:05 +0000 2018,-0.4019,0.0,0.816,0.184,38
238,CNN,"6,000 jobs at risk as House of Fraser becomes latest UK retail casualty https://t.co/CIYsg29rze https://t.co/5HkfcVByXS",Thu Jun 07 11:53:02 +0000 2018,-0.6705,0.0,0.703,0.297,39
239,CNN,US returns stolen Christopher Columbus letter to Spain https://t.co/Ujvn0jUrs8 https://t.co/3xvIsMbOyn,Thu Jun 07 11:46:07 +0000 2018,-0.4939,0.0,0.738,0.262,40
240,CNN,This is where communist statues are laid to rest https://t.co/wRiGLUmgn2 https://t.co/giGCJtEJTI,Thu Jun 07 11:37:06 +0000 2018,0.0,0.0,1.0,0.0,41
241,CNN,An internal report from the Justice Department is expected to fault former FBI and DOJ officials‚Ä¶ https://t.co/0GaIyBIZcn,Thu Jun 07 11:32:05 +0000 2018,0.1779,0.161,0.711,0.128,42
242,CNN,5 things you need to know today https://t.co/qJK4OCZ5r1 https://t.co/znejoqeHG6,Thu Jun 07 11:26:08 +0000 2018,0.0,0.0,1.0,0.0,43
243,CNN,IHOP says it's changing its name to IHOb https://t.co/zblJl0AXp5 https://t.co/4Tzw0J0jGA,Thu Jun 07 11:19:07 +0000 2018,0.0,0.0,1.0,0.0,44
244,CNN,House Republicans gear up for marathon immigration debate https://t.co/8caKyvQu0W https://t.co/6kitjdzfdz,Thu Jun 07 11:13:05 +0000 2018,0.0,0.0,1.0,0.0,45
245,CNN,"Hope Solo, one of America's most decorated soccer players, says the 2026 World Cup should go to a ""more deserving""‚Ä¶ https://t.co/XanpYCDvtY",Thu Jun 07 11:06:06 +0000 2018,0.4404,0.132,0.868,0.0,46
246,CNN,UK court criticizes Northern Ireland abortion law but rejects bid for reform https://t.co/Lcl6UlaU6o https://t.co/gmlq3zWCoc,Thu Jun 07 10:59:05 +0000 2018,-0.7184,0.0,0.667,0.333,47
247,CNN,"Democratic Rep. Nydia Vel√°zquez is calling for ""an independent commission similar to what we had after 9/11"" to inv‚Ä¶ https://t.co/fr6DDe3Bny",Thu Jun 07 10:54:06 +0000 2018,0.0,0.0,1.0,0.0,48
248,CNN,A manager at a South Carolina restaurant has pleaded guilty to physically abusing a black employee and forcing him‚Ä¶ https://t.co/UmKpTFJoBW,Thu Jun 07 10:48:02 +0000 2018,-0.7003,0.0,0.721,0.279,49
249,CNN,Dozens of terminally ill patients in California who counted on using the state's medical aid-in-dying law may be in‚Ä¶ https://t.co/4kESaSCmwk,Thu Jun 07 10:46:03 +0000 2018,-0.4215,0.0,0.872,0.128,50
250,CNN,"""I crossed the line. I regret it, and I do apologize for that."" Late-night host Samantha Bee says she's sorry for u‚Ä¶ https://t.co/bhvgY2KkEI",Thu Jun 07 10:36:52 +0000 2018,-0.4019,0.06,0.766,0.174,51
251,CNN,Rudy Giuliani told an audience in Israel that he does not think first lady Melania Trump believes that US President‚Ä¶ https://t.co/cgl4finLW2,Thu Jun 07 10:31:07 +0000 2018,0.0,0.0,1.0,0.0,52
252,CNN,Hawaii's largest freshwater lake is the latest casualty from the Big Island's Kilauea volcano. Steam billowed up fr‚Ä¶ https://t.co/U2SF9bnH0M,Thu Jun 07 10:25:46 +0000 2018,-0.5267,0.0,0.841,0.159,53
253,CNN,"""It was a complete shock. And it clearly wasn't her. There were personal demons she was battling."" The husband of f‚Ä¶ https://t.co/G7k0rg2Fhe",Thu Jun 07 10:19:06 +0000 2018,0.0258,0.111,0.782,0.107,54
254,CNN,"Adult film actress Stormy Daniels has launched a new lawsuit against her former attorney, Keith Davidson, as well a‚Ä¶ https://t.co/aHn7am8kUA",Thu Jun 07 10:12:05 +0000 2018,0.1779,0.167,0.744,0.088,55
255,CNN,Plane tickets are about to get more expensive https://t.co/y8pLbYrICB https://t.co/f8syYpZUIY,Thu Jun 07 10:03:05 +0000 2018,0.0,0.0,1.0,0.0,56
256,CNN,"She was kidnapped by Salvadoran guerrillas three decades ago, watched her husband be killed, and forced to cook and‚Ä¶ https://t.co/1yum899Avz",Thu Jun 07 09:55:06 +0000 2018,-0.8176,0.0,0.706,0.294,57
257,CNN,The clothes of a leading figure in Germany's far-right Alternative for Germany party were stolen while he was swimm‚Ä¶ https://t.co/2M17RCTJxg,Thu Jun 07 09:54:47 +0000 2018,-0.128,0.118,0.742,0.14,58
258,CNN,Lava flow evaporated Hawaii's largest freshwater lake within hours https://t.co/yYJudtOl3v https://t.co/kUkLb45drk,Thu Jun 07 09:48:07 +0000 2018,0.0,0.0,1.0,0.0,59
259,CNN,Alice Marie Johnson has been released from prison. President Trump commuted her sentence after meeting with Kim Kar‚Ä¶ https://t.co/CfxTKzjcQn,Thu Jun 07 09:43:42 +0000 2018,-0.4588,0.06,0.787,0.153,60
260,CNN,"The police chief in Mesa, Arizona, says he was ""disappointed"" by a video that shows officers punching and kneeing a‚Ä¶ https://t.co/8HSGYPc8Kv",Thu Jun 07 09:36:11 +0000 2018,0.0,0.0,1.0,0.0,61
261,CNN,"A former Fox News military analyst now says Fox is doing a ""great deal of damage"" to the United States https://t.co/P36pJ3JwBo",Thu Jun 07 09:17:04 +0000 2018,0.5719,0.264,0.613,0.123,62
262,CNN,A dermatologist says videos of her singing and dancing during surgical procedures were recorded with her patients'‚Ä¶ https://t.co/Ov9bGNLC2O,Thu Jun 07 09:10:52 +0000 2018,0.0,0.0,1.0,0.0,63
263,CNN,A manager at a South Carolina restaurant has pleaded guilty to physically abusing a black employee and forcing him‚Ä¶ https://t.co/dBiMG8I7tU,Thu Jun 07 09:03:54 +0000 2018,-0.7003,0.0,0.721,0.279,64
264,CNN,"An eruption at the summit of the Kilauea volcano jolted the area with the force of a 5.4 magnitude earthquake.

It‚Ä¶ https://t.co/b2d4UOWBL2",Thu Jun 07 08:58:24 +0000 2018,0.0,0.0,1.0,0.0,65
265,CNN,Dozens of terminally ill patients in California who counted on using the state's medical aid-in-dying law may be in‚Ä¶ https://t.co/gvqQdRXiHW,Thu Jun 07 08:52:23 +0000 2018,-0.4215,0.0,0.872,0.128,66
266,CNN,"""Well, Kim Jong Un got back on his hands and knees and begged for it, which is exactly the position you want to put‚Ä¶ https://t.co/n85yhM2Qu1",Thu Jun 07 08:34:13 +0000 2018,0.0772,0.051,0.949,0.0,67
267,CNN,Japan's Prime Minister Shinzo Abe wants to make Trump's North Korea talks even more complicated -- pushing the topi‚Ä¶ https://t.co/p3JR6uC55Q,Thu Jun 07 08:03:00 +0000 2018,0.0,0.0,1.0,0.0,68
268,CNN,Trump flips US foreign policy upside down | Analysis by @StCollinson https://t.co/vuOs4KT2Qm https://t.co/7NJivn3tZO,Thu Jun 07 07:48:10 +0000 2018,0.0,0.0,1.0,0.0,69
269,CNN,"Satellite images appear to show that North Korea has dismantled one of its missile testing sites, according to a pr‚Ä¶ https://t.co/iIPFj94H12",Thu Jun 07 07:37:06 +0000 2018,0.0,0.0,1.0,0.0,70
270,CNN,"Brazil is the statistical favorite to win the World Cup in Russia, according to data company Gracenote‚Ä¶ https://t.co/bJwxVh80uu",Thu Jun 07 07:24:02 +0000 2018,0.7783,0.298,0.702,0.0,71
271,CNN,These satellite images show destruction caused by Guatemala's Fuego Volcano https://t.co/NDHqIRQj9k https://t.co/rVP4JzjwF0,Thu Jun 07 07:15:07 +0000 2018,-0.5719,0.0,0.748,0.252,72
272,CNN,An iconic Tour de France-winning 1963 Ferrari 250 GTO has sold for $70 million. It is believed to be the most expen‚Ä¶ https://t.co/EiyxSexxb1,Thu Jun 07 06:51:06 +0000 2018,0.0,0.0,1.0,0.0,73
273,CNN,This airport in Cyprus has been abandoned for 44 years https://t.co/gbGFzgIHpq via @CNNTravel https://t.co/sbGy7Sklz7,Thu Jun 07 06:34:08 +0000 2018,-0.4588,0.0,0.812,0.188,74
274,CNN,"American companies announced a record $201.3 billion in stock buybacks and cash takeovers in May.

Critics say the‚Ä¶ https://t.co/U6xHy85f2Y",Thu Jun 07 06:31:02 +0000 2018,-0.296,0.0,0.885,0.115,75
275,CNN,IHOP says it's changing its name to IHOb https://t.co/0xPatnMZZE https://t.co/ZYfM36F5TP,Thu Jun 07 06:16:05 +0000 2018,0.0,0.0,1.0,0.0,76
276,CNN,"A 64-year-old woman in Australia died after contracting hepatitis A linked to frozen pomegranate seeds, according t‚Ä¶ https://t.co/AtECPyj2jb",Thu Jun 07 06:01:02 +0000 2018,-0.5574,0.0,0.806,0.194,77
277,CNN,"""Well, Kim Jong Un got back on his hands and knees and begged for it, which is exactly the position you want to put‚Ä¶ https://t.co/LxyeFLFufl",Thu Jun 07 05:56:05 +0000 2018,0.0772,0.051,0.949,0.0,78
278,CNN,"Flyer is Kitty Hawk‚Äôs first commercial flying car, and CNNMoney‚Äôs Rachel Crane is the first reporter to ever fly on‚Ä¶ https://t.co/ch8yTVfXrD",Thu Jun 07 05:46:00 +0000 2018,0.0,0.0,1.0,0.0,79
279,CNN,Point/CounterPoint: The California primary | Analysis by CNN's Chris Cillizza and Harry Enten‚Ä¶ https://t.co/BZbWtD9eAM,Thu Jun 07 05:31:03 +0000 2018,0.0,0.0,1.0,0.0,80
280,CNN,Apple is getting closer and closer to becoming the first $1 trillion American company https://t.co/JRSmeXVtXj https://t.co/5LFGjYBd3Q,Thu Jun 07 05:16:00 +0000 2018,0.0,0.0,1.0,0.0,81
281,CNN,The Justice Department will extend an offer Thursday to top lawmakers on Capitol Hill to review certain documents r‚Ä¶ https://t.co/78Yixp2MTt,Thu Jun 07 05:13:43 +0000 2018,0.7906,0.36,0.64,0.0,82
282,CNN,Fashion designer Kate Spade's suicide spotlights the importance of recognizing the potential warning signs when som‚Ä¶ https://t.co/YMrDKiWN3S,Thu Jun 07 05:01:07 +0000 2018,-0.6597,0.107,0.598,0.295,83
283,CNN,RT @CNNTonight: Exclusive: @KimKardashian West speaks with @VanJones68 in her first interview since securing the  commutation of Alice John‚Ä¶,Thu Jun 07 04:59:17 +0000 2018,0.4215,0.183,0.817,0.0,84
284,CNN,This delivery man is being praised for taking a welcome mat's quirky instructions literally https://t.co/JTIKQxzCvS https://t.co/YLPPf60wTH,Thu Jun 07 04:46:00 +0000 2018,0.7351,0.323,0.677,0.0,85
285,CNN,"Democratic Rep. Nydia Vel√°zquez is calling for ""an independent commission similar to what we had after 9/11"" to inv‚Ä¶ https://t.co/3rQ6ah1Ch4",Thu Jun 07 04:31:02 +0000 2018,0.0,0.0,1.0,0.0,86
286,CNN,"First responders in Russellville, Arkansas, went above and beyond the call of duty to surprise a teen with autism a‚Ä¶ https://t.co/IpioKflY8s",Thu Jun 07 04:16:00 +0000 2018,0.2732,0.1,0.9,0.0,87
287,CNN,Lava flow evaporated Hawaii's largest freshwater lake within hours https://t.co/oHCVhX4OZu https://t.co/LMhElkwG5T,Thu Jun 07 04:01:04 +0000 2018,0.0,0.0,1.0,0.0,88
288,CNN,"The Defense Department intends to release an American citizen accused of fighting for ISIS, according to a Justice‚Ä¶ https://t.co/IGn8pP4JzX",Thu Jun 07 03:46:05 +0000 2018,-0.4939,0.071,0.708,0.222,89
289,CNN,"Lady Gaga steps into the spotlight in the ""A Star is Born"" trailer https://t.co/8iSvjqScUh https://t.co/YgEFOb5bEv",Thu Jun 07 03:31:04 +0000 2018,0.0,0.0,1.0,0.0,90
290,CNN,"The State Department said ""medical screenings are ongoing"" for personnel with concerns tied to health incidents not‚Ä¶ https://t.co/0obSeuksub",Thu Jun 07 03:16:03 +0000 2018,0.0,0.0,1.0,0.0,91
291,CNN,Here are some key events in the talks between the Trump and Mueller teams https://t.co/y5soxksihu https://t.co/etLj0Sp5kY,Thu Jun 07 03:07:35 +0000 2018,0.0,0.0,1.0,0.0,92
292,CNN,"How a double amputee conquered Everest, 43 years after his first attempt https://t.co/1AfBVSkwRw https://t.co/XVFJk0iXMz",Thu Jun 07 03:01:06 +0000 2018,0.0,0.0,1.0,0.0,93
293,CNN,"RT @AC360: And why, exactly, did President Trump's EPA administrator want a used mattress from the Trump hotel? 

Anderson Cooper probes th‚Ä¶",Thu Jun 07 02:56:26 +0000 2018,0.0772,0.061,0.939,0.0,94
294,CNN,Read late-night host Samantha Bee's on-air apology https://t.co/AZGb9Lwz5s https://t.co/Ks5mBWDxmm,Thu Jun 07 02:51:51 +0000 2018,0.0516,0.13,0.87,0.0,95
295,CNN,"Rudy Giuliani said North Korean leader Kim Jong Un ""begged"" US President Donald Trump to reschedule their summit me‚Ä¶ https://t.co/oc1QcKEXWJ",Thu Jun 07 02:51:06 +0000 2018,0.0,0.0,1.0,0.0,96
296,CNN,"Jerry Maren, the last surviving munchkin from ""The Wizard of Oz,"" has died at age 98 due to complications from cong‚Ä¶ https://t.co/HJBfo4Asy6",Thu Jun 07 02:48:39 +0000 2018,-0.34,0.085,0.775,0.14,97
297,CNN,From Backrub to Google: Many major companies have rebranded and changed their names ‚Äî some successfully and some no‚Ä¶ https://t.co/sVUS6F15jB,Thu Jun 07 02:46:00 +0000 2018,0.4939,0.151,0.849,0.0,98
298,CNN,Donald Trump just dunked on Jeff Sessions in the most vicious way possible | Analysis by CNN's Chris Cillizza‚Ä¶ https://t.co/TvZq0wCo4c,Thu Jun 07 02:42:26 +0000 2018,-0.4201,0.0,0.866,0.134,99
299,CNN,Newly released 911 calls from the Las Vegas massacre give a glimpse of the panic people experienced as gunfire rain‚Ä¶ https://t.co/iV3VdJQrA7,Thu Jun 07 02:37:34 +0000 2018,-0.5106,0.0,0.852,0.148,100
300,FoxNews,'The Truth Matters': Iraq Vet Wounded by Iran-Made Bomb Reacts to Bombshell Iran Deal Report https://t.co/VS2Ix8Broh,Thu Jun 07 15:49:06 +0000 2018,-0.2263,0.118,0.718,0.164,1
301,FoxNews,.@AlanDersh: Someone 'Leaked' @Comey Info Out of Fear IG Report Would Be Changed https://t.co/df1GQoujqm,Thu Jun 07 15:32:03 +0000 2018,-0.4939,0.0,0.802,0.198,2
302,FoxNews,".@Sen_JoeManchin says he regrets @HillaryClinton support, could back President @realDonaldTrump in 2020‚Ä¶ https://t.co/jAy65D6Ra6",Thu Jun 07 15:24:43 +0000 2018,0.0516,0.167,0.679,0.154,3
303,FoxNews,NEWS ALERT: Japanese PM @AbeShinzo to meet with President @realDonaldTrump at the @WhiteHouse. https://t.co/gWrAAANsnO,Thu Jun 07 15:16:00 +0000 2018,0.4466,0.184,0.816,0.0,4
304,FoxNews,Trump swipes at GOP foe Sen. Jeff Flake: 'He's a Flake!' https://t.co/Hojd2ihI5r,Thu Jun 07 15:10:16 +0000 2018,-0.4926,0.0,0.758,0.242,5
305,FoxNews,What has @NASA found on Mars? Get set for major announcement https://t.co/SYh6wB2iCq,Thu Jun 07 15:07:05 +0000 2018,0.0,0.0,1.0,0.0,6
306,FoxNews,"Moments ago, President @realDonaldTrump tweeted that the ""Justice Department must not let Awan &amp; Debbie Wasserman S‚Ä¶ https://t.co/5iXJIexf91",Thu Jun 07 15:03:58 +0000 2018,0.5267,0.167,0.833,0.0,7
307,FoxNews,House Democratic Leader @NancyPelosi holds a news conference.  https://t.co/UHluTdbBFl,Thu Jun 07 14:59:08 +0000 2018,0.0,0.0,1.0,0.0,8
308,FoxNews,"University will pay you $3,500 to get the flu and book you a 10-day stay at 'Hotel Influenza' https://t.co/bX04zkOdn2",Thu Jun 07 14:49:56 +0000 2018,-0.4588,0.0,0.8,0.2,9
309,FoxNews,TUNE IN: @SenWarren joins @DanaPerino on ‚ÄúThe @DailyBriefing‚Äù at 2p ET on Fox News Channel. https://t.co/jiYjwYFdp5,Thu Jun 07 14:44:15 +0000 2018,0.0,0.0,1.0,0.0,10
310,FoxNews,RT @FoxBusiness: US reaches deal with China's ZTE https://t.co/Gz9LKhIbIZ,Thu Jun 07 14:42:53 +0000 2018,0.0516,0.13,0.87,0.0,11
311,FoxNews,"RT @FoxBusiness: US weekly jobless claims drop as labor market gains steam
https://t.co/HybnV57vlI",Thu Jun 07 14:42:37 +0000 2018,0.0772,0.155,0.71,0.135,12
312,FoxNews,.@RWitherspoon confirms the rumors are true https://t.co/3xZrDhOPFg,Thu Jun 07 14:33:51 +0000 2018,0.4215,0.318,0.682,0.0,13
313,FoxNews,".@kayleighmcenany: ""Where are the feminists, also, I want to ask - where are the Elizabeth Warrens, where are the H‚Ä¶ https://t.co/jDWTsl9OhV",Thu Jun 07 14:29:46 +0000 2018,0.0772,0.067,0.933,0.0,14
314,FoxNews,"Earlier, @IvankaTrump wished a happy birthday to @VP Mike Pence. https://t.co/NLbFXFE4u9",Thu Jun 07 14:25:19 +0000 2018,0.5719,0.291,0.709,0.0,15
315,FoxNews,".@kayleighmcenany: ""@FLOTUS has the trust and the love of the American people - she has a 57% approval rating. Mean‚Ä¶ https://t.co/i7PkpLOLZo",Thu Jun 07 14:21:44 +0000 2018,0.891,0.398,0.602,0.0,16
316,FoxNews,".@SecretaryCarson: ""[America] can be destroyed from within. We have elements who are driving wedges between people‚Ä¶ https://t.co/tEFqnK8J1e",Thu Jun 07 14:11:17 +0000 2018,-0.4939,0.0,0.833,0.167,17
317,FoxNews,RT @FoxBusiness: Kraft Heinz paying kids slapped with lemonade stand fines https://t.co/VtD7qxHDzG,Thu Jun 07 14:09:07 +0000 2018,0.0,0.0,1.0,0.0,18
318,FoxNews,".@cvpayne: ""The market looks fantastic."" https://t.co/cOfx57yaU7",Thu Jun 07 14:05:50 +0000 2018,0.0,0.0,1.0,0.0,19
319,FoxNews,Soros push to elect progressive DAs in California fails to attract voters https://t.co/XwGDMevX3b,Thu Jun 07 14:01:32 +0000 2018,-0.0772,0.153,0.675,0.172,20
320,FoxNews,".@adrienneelrod: ""Unfortunately what's been lost in this whole debate here is why [@iamsambee] made these comments‚Ä¶ https://t.co/jx0JFIBRpp",Thu Jun 07 13:55:20 +0000 2018,-0.5719,0.0,0.761,0.239,21
321,FoxNews,".@GovMikeHuckabee: ""They've spent $17 million, haven't presented anything that ties to @POTUS whatsoever."" https://t.co/zdyZhtKwOs",Thu Jun 07 13:44:14 +0000 2018,0.0,0.0,1.0,0.0,22
322,FoxNews,"Colin Kaepernick's legal team expected to pursue Trump testimony in grievance case, report says (via @RyanGaydos) https://t.co/ULeORBmlri",Thu Jun 07 13:34:22 +0000 2018,-0.3818,0.077,0.765,0.158,23
323,FoxNews,Families and unaccompanied children - FYTD 2018. https://t.co/4DMmMBUALM,Thu Jun 07 13:33:30 +0000 2018,0.0,0.0,1.0,0.0,24
324,FoxNews,"U.S. border arrests in May 2018 top 50,000 according to @DHSgov. https://t.co/cnwMgqNAUt",Thu Jun 07 13:01:29 +0000 2018,-0.2732,0.122,0.68,0.197,25
325,FoxNews,"Moments ago, President @realDonaldTrump tweeted out a message to Alice Marie Johnson, the woman whose life sentence‚Ä¶ https://t.co/HK82BRnid2",Thu Jun 07 12:58:02 +0000 2018,0.0,0.0,1.0,0.0,26
326,FoxNews,CO sheriff wants to store rifles in schools. https://t.co/QUgemIKuwI,Thu Jun 07 12:47:02 +0000 2018,0.0,0.0,1.0,0.0,27
327,FoxNews,".@DLoesch: ""I think it's incredibly interesting that @KimKardashian has had more effect politically than @iamsambee‚Ä¶ https://t.co/BqDirUsP3m",Thu Jun 07 12:42:26 +0000 2018,0.4576,0.166,0.834,0.0,28
328,FoxNews,".@DLoesch: ""America doesn't watch [Samantha Bee's] show."" https://t.co/ACtbtHo9yn",Thu Jun 07 12:34:17 +0000 2018,0.0,0.0,1.0,0.0,29
329,FoxNews,OPINION: @NewtGingrich: The red wave is growing (via @FoxNewsOpinion) https://t.co/ANWgHtOkPw,Thu Jun 07 12:31:17 +0000 2018,0.1779,0.159,0.841,0.0,30
330,FoxNews,.@SecretaryCarson: ‚ÄúThis country‚Äôs extremely strong.‚Äù @foxandfriends https://t.co/JxiMHC8aSM,Thu Jun 07 12:30:11 +0000 2018,0.0,0.0,1.0,0.0,31
331,FoxNews,Houston's Hobby Airport shut down over bomb scare caused by 17-year-old's toy grenade https://t.co/ykeiNk6jEO,Thu Jun 07 12:29:35 +0000 2018,-0.7506,0.0,0.652,0.348,32
332,FoxNews,Exclusive: Former burn pit inspector says warnings were largely ignored by Pentagon officials during Iraq War https://t.co/06c6kz9D9j,Thu Jun 07 12:27:18 +0000 2018,-0.7845,0.066,0.568,0.367,33
333,FoxNews,.@POTUS and @AbeShinzo meeting ahead of North Korea summit https://t.co/YYa1AuqnaZ,Thu Jun 07 12:15:37 +0000 2018,0.0,0.0,1.0,0.0,34
334,FoxNews,D-Day Survivors Recall Invasion of Normandy 74 Years Later https://t.co/d4FYEAB8vv #TheStory https://t.co/UhicWQq7z0,Thu Jun 07 12:03:08 +0000 2018,0.0,0.0,1.0,0.0,35
335,FoxNews,Former burn pit inspector says warnings were largely ignored by Pentagon officials during Iraq War‚Ä¶ https://t.co/3SJndlxM5m,Thu Jun 07 11:51:18 +0000 2018,-0.5423,0.0,0.757,0.243,36
336,FoxNews,.@carrieunderwood makes CMT Awards history as @blakeshelton takes home top award https://t.co/w4fmJB3Fim,Thu Jun 07 11:48:27 +0000 2018,0.8074,0.48,0.52,0.0,37
337,FoxNews,.@SecretaryCarson: ‚ÄúThere are actually a lot of resources in our society and a lot of people with very good hearts‚Ä¶ https://t.co/NhXBNL07c1,Thu Jun 07 11:37:35 +0000 2018,0.4927,0.151,0.849,0.0,38
338,FoxNews,Rainbow spotted in crater of Hawaii's Kilauea volcano. https://t.co/wJSlLRPPU1,Thu Jun 07 11:15:00 +0000 2018,0.0,0.0,1.0,0.0,39
339,FoxNews,Carrie Underwood makes CMT Awards history as Blake Shelton takes home top award. https://t.co/TPXuqPKvoe,Thu Jun 07 10:59:00 +0000 2018,0.8074,0.43,0.57,0.0,40
340,FoxNews,.@StateDept says consulate workers in China suffered mysterious medical issue consistent with what happened to Amer‚Ä¶ https://t.co/gQsvhBLWcP,Thu Jun 07 10:45:00 +0000 2018,-0.4939,0.0,0.833,0.167,41
341,FoxNews,Illegal-immigrant apprehensions at the border spiked in May compared to 2017. https://t.co/Y3WsqrSemj,Thu Jun 07 10:29:00 +0000 2018,-0.2263,0.0,0.853,0.147,42
342,FoxNews,Sen. Graham on Inspector General Probe: 'The DOJ Was in the Tank for Clinton' https://t.co/ywBcKVK1EG,Thu Jun 07 10:15:00 +0000 2018,0.0,0.0,1.0,0.0,43
343,FoxNews,"Kate Spade's husband Andy releases statement following her suicide, dispels misconceptions. https://t.co/oUC7haDsyX",Thu Jun 07 10:07:01 +0000 2018,-0.6705,0.0,0.71,0.29,44
344,FoxNews,".@SebGorka: ""The Democrats don't want America to succeed. That's the bottom line, and that's why they want to sabot‚Ä¶ https://t.co/xjSvS7arPU",Thu Jun 07 09:57:00 +0000 2018,0.4129,0.141,0.751,0.108,45
345,FoxNews,This @GrandCanyonNPS squirrel had no shame in asking a tourist for a quick drink. https://t.co/tuJFFRXCPq,Thu Jun 07 09:45:00 +0000 2018,-0.6486,0.0,0.675,0.325,46
346,FoxNews,'Wizard of Oz' star Jerry Maren dead: Last surviving munchkin was 98 https://t.co/uyw1RfakJn,Thu Jun 07 09:24:00 +0000 2018,-0.4767,0.126,0.629,0.246,47
347,FoxNews,"Michigan WWII veteran who wished for 100 cards on 100th birthday receives more than 50,000. https://t.co/Zo8U162NW2",Thu Jun 07 09:05:00 +0000 2018,0.0,0.0,1.0,0.0,48
348,FoxNews,".@seanhannity on the commutation of Alice Johnson: ""This is likely just the beginning of what is a long needed conv‚Ä¶ https://t.co/ddjYmlUMq7",Thu Jun 07 08:45:00 +0000 2018,0.0,0.0,1.0,0.0,49
349,FoxNews,WOW: Shocked bystanders watched as a stolen armored vehicle led police on a 60-mile chase through Virginia Tuesday.‚Ä¶ https://t.co/7cVTrAQBXu,Thu Jun 07 08:30:00 +0000 2018,0.0085,0.189,0.583,0.229,50
350,FoxNews,"On Wednesday, @SenTedCruz criticized the Obama administration amid reports that it gave Iran access to the United S‚Ä¶ https://t.co/8QcMKI4eIz",Thu Jun 07 08:15:00 +0000 2018,0.0772,0.126,0.762,0.112,51
351,FoxNews,"GERBER BABIES UNITE: One-year-old Lucas Warren, the newest Gerber Baby, recently met with 91-year-old Ann Turner Co‚Ä¶ https://t.co/XSM5zcZZtQ",Thu Jun 07 08:02:00 +0000 2018,0.0,0.0,1.0,0.0,52
352,FoxNews,'People Should Know': RFK Jr. on JFK Assassination Docs Stuck Under Wraps. https://t.co/eNR7jslk1X,Thu Jun 07 07:45:00 +0000 2018,-0.7096,0.0,0.651,0.349,53
353,FoxNews,Indiana man warns locals to 'beware' of giant spiders after spotting 6-inch crawler at work. https://t.co/1orR3JXvQX,Thu Jun 07 07:19:00 +0000 2018,-0.1027,0.0,0.915,0.085,54
354,FoxNews,"Missouri men bound, set woman on fire when she refused to give combination to safe, police say. https://t.co/IQsSPZraaP",Thu Jun 07 07:02:00 +0000 2018,-0.1779,0.129,0.667,0.204,55
355,FoxNews,"The Moon is causing days on Earth to get longer, according to new research. https://t.co/uBVs40pnRc",Thu Jun 07 06:45:00 +0000 2018,0.0,0.0,1.0,0.0,56
356,FoxNews,"Florida woman beats terminal breast cancer with new therapy. 
https://t.co/E7sGC1a7fy",Thu Jun 07 06:31:00 +0000 2018,-0.6597,0.0,0.672,0.328,57
357,FoxNews,"Man eats 480 oysters to win World Oyster Eating Championship. 
https://t.co/xxxiidZ6kp",Thu Jun 07 06:17:00 +0000 2018,0.7717,0.427,0.573,0.0,58
358,FoxNews,".@JesseBWatters on @BillClinton: ""Only a Democrat can get a do-over in the mainstream media."" #TheFive‚Ä¶ https://t.co/VytJE0WW9r",Thu Jun 07 06:03:00 +0000 2018,0.0,0.0,1.0,0.0,59
359,FoxNews,"McDonald's manager caught on camera yelling, cursing at customer.
https://t.co/U7drVIVHi2",Thu Jun 07 05:50:00 +0000 2018,0.0,0.0,1.0,0.0,60
360,FoxNews,".@POTUS forced Kim Jong Un to 'beg' for meeting, Giuliani says. https://t.co/FtjMdsaJTN",Thu Jun 07 05:20:01 +0000 2018,-0.4588,0.0,0.786,0.214,61
361,FoxNews,"Hawaii's county mayor vows to rebuild from volcano with help of FEMA, as scientists say the worst is yet to come. https://t.co/1idZbZnmGg",Thu Jun 07 05:05:00 +0000 2018,-0.34,0.101,0.746,0.153,62
362,FoxNews,.@greggutfeld on the upcoming North Korea summit. https://t.co/wrNHEDJS6t,Thu Jun 07 04:50:00 +0000 2018,0.0,0.0,1.0,0.0,63
363,FoxNews,"Death toll from destructive Guatemala volcano jumps to 99, with almost 200 still missing.  https://t.co/FFW5y7DoTC",Thu Jun 07 04:35:00 +0000 2018,-0.8701,0.0,0.55,0.45,64
364,FoxNews,".@CMT Awards 2018 list of winners
https://t.co/V5LGumgArR",Thu Jun 07 04:30:00 +0000 2018,0.7269,0.55,0.45,0.0,65
365,FoxNews,Four ISIS terrorists are dead after U.S. airstrikes in Libya Wednesday. @ShepNewsTeam https://t.co/qigZMgN650,Thu Jun 07 04:20:00 +0000 2018,-0.8555,0.0,0.567,0.433,66
366,FoxNews,".@POTUS on @FLOTUS during a @fema briefing: ""She went through a little rough patch, but she's doing great and we're‚Ä¶ https://t.co/zeGIgonxTO",Thu Jun 07 04:04:00 +0000 2018,0.7684,0.239,0.761,0.0,67
367,FoxNews,UN migration agency: 46 African migrants drown near Yemen.  https://t.co/sDtk2ZoBrz,Thu Jun 07 03:47:00 +0000 2018,-0.5719,0.0,0.709,0.291,68
368,FoxNews,.@carlypearce thanks 'guy that broke my heart' in emotional @CMT Awards acceptance speech https://t.co/bxcVMizrEn,Thu Jun 07 03:40:00 +0000 2018,0.7717,0.471,0.404,0.126,69
369,FoxNews,Connecticut man cops to trafficking in endangered sperm whale teeth.  https://t.co/4DYLyNB78w,Thu Jun 07 03:30:00 +0000 2018,0.0,0.0,1.0,0.0,70
370,FoxNews,.@POTUS wishes Muslims 'Ramadan Mubarak' at White House iftar dinner. https://t.co/LrDdazbcBX,Thu Jun 07 03:15:00 +0000 2018,0.1531,0.138,0.862,0.0,71
371,FoxNews,.@carrieunderwood makes @CMT Awards history as @blakeshelton takes home top award https://t.co/w4fmJB3Fim,Thu Jun 07 03:06:26 +0000 2018,0.8074,0.48,0.52,0.0,72
372,FoxNews,".@SenateMajLdr on immigration reform: ""I can't see us going back to immigration this year unless there was some pro‚Ä¶ https://t.co/Tyw2supIJz",Thu Jun 07 02:54:42 +0000 2018,0.0,0.0,1.0,0.0,73
373,FoxNews,".@SenateMajLdr on 2018 midterms: ""We're optimistic we can hold the Senate, still have a majority and still confirm‚Ä¶ https://t.co/INx0CmxmHD",Thu Jun 07 02:51:17 +0000 2018,0.3182,0.119,0.881,0.0,74
374,FoxNews,".@SenateMajLdr on canceling Aug. recess: ""[Dems have] been slow-walking [@POTUS'] effort to not only staff up his a‚Ä¶ https://t.co/CLr9wIoekG",Thu Jun 07 02:49:37 +0000 2018,0.0,0.0,1.0,0.0,75
375,FoxNews,".@POTUS: ""[@FLOTUS] went through a little rough patch but she's doing great and we're very proud of her. She's done‚Ä¶ https://t.co/wYsVQPolfa",Thu Jun 07 02:40:52 +0000 2018,0.905,0.363,0.637,0.0,76
376,FoxNews,".@McDonalds manager caught on camera yelling, cursing at customer  https://t.co/U7drVIVHi2",Thu Jun 07 02:40:00 +0000 2018,0.0,0.0,1.0,0.0,77
377,FoxNews,Masters of rock: Climbers at California's Yosemite shatter El Capitan's speed record https://t.co/Xt6sj24WnU,Thu Jun 07 02:34:30 +0000 2018,0.0,0.0,1.0,0.0,78
378,FoxNews,Man accidentally shot by FBI agent's weapon said he believed it was an 'idiot' with 'a firecracker' https://t.co/CLIbdNn1WP,Thu Jun 07 02:29:53 +0000 2018,-0.5574,0.0,0.777,0.223,79
379,FoxNews,".@TomFitton on IG report: ""President @realDonaldTrump inherited a terribly corrupt leadership at the FBI, and he cl‚Ä¶ https://t.co/tGTWVpeo9T",Thu Jun 07 02:26:53 +0000 2018,-0.5574,0.0,0.816,0.184,80
380,FoxNews,".@seanhannity: Media Ignored Bill Clinton Til Now, But Spreads 'Rampant, Disgusting' Theories About Melania https://t.co/o2VuAReDSp",Thu Jun 07 02:23:48 +0000 2018,-0.6908,0.0,0.695,0.305,81
381,FoxNews,Illegal-immigrant apprehensions at the border spiked in May compared to 2017  https://t.co/Y3WsqrSemj,Thu Jun 07 02:17:00 +0000 2018,-0.2263,0.0,0.853,0.147,82
382,FoxNews,US: Consulate workers in China suffer mysterious medical issue consistent with what befell Americans in Cuba https://t.co/DWUAWo9CWz,Thu Jun 07 02:11:28 +0000 2018,-0.5423,0.0,0.821,0.179,83
383,FoxNews,".@SebGorka: ""The Democrats don't want America to succeed. That's the bottom line, and that's why they want to sabot‚Ä¶ https://t.co/YvjaMFGocE",Thu Jun 07 01:58:09 +0000 2018,0.4129,0.141,0.751,0.108,84
384,FoxNews,"UPDATE: Death toll from destructive Guatemala volcano jumps to 99, with almost 200 still missing. https://t.co/FFW5y7V0ic",Thu Jun 07 01:51:44 +0000 2018,-0.8701,0.0,0.569,0.431,85
385,FoxNews,"Kate Spade's husband Andy releases statement following her suicide, dispels misconceptions. https://t.co/oUC7halRHp",Thu Jun 07 01:50:39 +0000 2018,-0.6705,0.0,0.71,0.29,86
386,FoxNews,".@JesseBWatters on the @Eagles not going to the White House: ""Patriotism's more important than politics.""‚Ä¶ https://t.co/MOGbBWGzGO",Thu Jun 07 01:45:40 +0000 2018,0.2716,0.122,0.878,0.0,87
387,FoxNews,"@Cardinals' Red Schoendienst dies at 95, oldest living member of the Baseball Hall of Fame. https://t.co/XDbRHyclc5",Thu Jun 07 01:40:00 +0000 2018,0.4404,0.162,0.838,0.0,88
388,FoxNews,'People Should Know': RFK Jr. on JFK Assassination Docs Stuck Under Wraps. https://t.co/eNR7jsCVqx,Thu Jun 07 01:33:17 +0000 2018,-0.7096,0.0,0.651,0.349,89
389,FoxNews,WOW: Shocked bystanders watched as a stolen armored vehicle led police on a 60-mile chase through Virginia Tuesday.‚Ä¶ https://t.co/6lMRRgMkyv,Thu Jun 07 01:29:36 +0000 2018,0.0085,0.189,0.583,0.229,90
390,FoxNews,Son who wrote viral revenge obituary about his mom explains why he did it. https://t.co/nDgasXd59M,Thu Jun 07 01:20:45 +0000 2018,-0.5267,0.0,0.805,0.195,91
391,FoxNews,".@SeanHannity on the commutation of Alice Johnson: ""This is likely just the beginning of what is a long needed conv‚Ä¶ https://t.co/NJgae3AEVG",Thu Jun 07 01:15:33 +0000 2018,0.0,0.0,1.0,0.0,92
392,FoxNews,.@POTUS hosts the @WhiteHouse iftar for the Muslim holiday of Ramadan. https://t.co/LGiHoC57y9,Thu Jun 07 01:02:07 +0000 2018,0.4019,0.197,0.803,0.0,93
393,FoxNews,"OUT OF THE DIAMOND AND INTO A CUP: A San Diego Padres fan caught a foul ball in her beer, and subsequently chugged‚Ä¶ https://t.co/LA2b7l9BN6",Thu Jun 07 01:01:16 +0000 2018,0.6633,0.222,0.778,0.0,94
394,FoxNews,DOJ tells Graham Rosenstein won't recuse from Mueller probe unless officials deem it necessary https://t.co/E8h9Yp47qc,Thu Jun 07 00:58:20 +0000 2018,0.0,0.0,1.0,0.0,95
395,FoxNews,WATCH: D-Day Survivors Recall Invasion of Normandy 74 Years Later https://t.co/DvAKo36FLs,Thu Jun 07 00:53:43 +0000 2018,0.0,0.0,1.0,0.0,96
396,FoxNews,"Who is Alice Marie Johnson, the great-grandmother Trump is granting clemency to? https://t.co/rzdrSLgrUk",Thu Jun 07 00:34:19 +0000 2018,0.3182,0.161,0.839,0.0,97
397,FoxNews,Connecticut man cops to trafficking in endangered sperm whale teeth https://t.co/Wh3GnILWLc,Thu Jun 07 00:31:16 +0000 2018,0.0,0.0,1.0,0.0,98
398,FoxNews,".@ericswalwell: ""Jim @Comey is an imperfect man, all of us are, but imperfect people are still capable of telling t‚Ä¶ https://t.co/rTXjiIIm5p",Thu Jun 07 00:14:32 +0000 2018,-0.0516,0.131,0.692,0.177,99
399,FoxNews,Bush airport resumes operation following bomb scare caused by 'impatient' passenger https://t.co/vatbGdFANz,Thu Jun 07 00:07:17 +0000 2018,-0.7506,0.0,0.61,0.39,100
400,nytimes,"A U.K. court ruling left Northern Ireland's strict abortion law unchanged, though a majority of justices called it‚Ä¶ https://t.co/WJeURQd6QK",Thu Jun 07 15:45:03 +0000 2018,0.0,0.0,1.0,0.0,1
401,nytimes,"The comedian Chris Farley's family settled a lawsuit with a bicycle company, after accusing it of using his ""fat gu‚Ä¶ https://t.co/XPglSpnz4p",Thu Jun 07 15:37:03 +0000 2018,0.0,0.117,0.721,0.162,2
402,nytimes,California is in the middle of an affordable-housing crisis. Some are trying to solve it with modular homes that ca‚Ä¶ https://t.co/pFBIBtmKGr,Thu Jun 07 15:30:04 +0000 2018,-0.5106,0.072,0.763,0.165,3
403,nytimes,Iraq will manually recount approximately 11 million votes amid post-election chaos https://t.co/5D0O1v5jKK,Thu Jun 07 15:15:08 +0000 2018,-0.5719,0.0,0.748,0.252,4
404,nytimes,"RT @NYTmag: This week‚Äôs issue of @NYTmag is dedicated entirely to love, lust and heartache in New York City. See the full issue here: https‚Ä¶",Thu Jun 07 15:12:29 +0000 2018,0.8166,0.245,0.755,0.0,5
405,nytimes,"In Opinion

Op-Ed columnist Charles M. Blow writes that Donald Trump ""disguises his hatred, often as a veneration a‚Ä¶ https://t.co/MmtbzNVBK6",Thu Jun 07 15:00:04 +0000 2018,-0.7351,0.0,0.733,0.267,6
406,nytimes,RT @ckoettl: 23 seconds in #Sacramento: We took a closer look at what happened when #StephonClark was killed by police. 2 bodycams &amp; 1 heli‚Ä¶,Thu Jun 07 14:52:50 +0000 2018,-0.6705,0.0,0.824,0.176,7
407,nytimes,"""You cannot have a safely functioning city when people of color do not trust the local law enforcement agency, and‚Ä¶ https://t.co/bHHfnKUnnQ",Thu Jun 07 14:45:06 +0000 2018,-0.652,0.0,0.772,0.228,8
408,nytimes,"RT @sangerkatz: Elizabeth Warren is the rare policymaker who is also a scholar. This week, she wore both hats. https://t.co/2kjalK1m8F",Thu Jun 07 14:42:49 +0000 2018,0.0,0.0,1.0,0.0,9
409,nytimes,"RT @NYTHealth: San Francisco's new ban on the selling of flavored tobacco products, including menthol cigarettes, is said to be the most re‚Ä¶",Thu Jun 07 14:30:03 +0000 2018,-0.5574,0.0,0.859,0.141,10
410,nytimes,"""It is a tremendously difficult disease to suffer with alone and unfortunately in the U.S. we don't talk about it e‚Ä¶ https://t.co/2kTdM1pktQ",Thu Jun 07 14:20:09 +0000 2018,-0.8655,0.0,0.614,0.386,11
411,nytimes,Wilbur Ross said that the United States had reached a deal to end tough American sanctions on the Chinese telecommu‚Ä¶ https://t.co/VFVUzSpWJa,Thu Jun 07 14:12:05 +0000 2018,0.4019,0.185,0.749,0.066,12
412,nytimes,"A white manager admitted that he beat an intellectually disabled black cook with a belt, punched him, hit him with‚Ä¶ https://t.co/9zpY7loDfn",Thu Jun 07 14:00:06 +0000 2018,0.4215,0.183,0.817,0.0,13
413,nytimes,"""It could be the first time that all art enemies and art lovers can agree about one thing,"" said one of the artists‚Ä¶ https://t.co/NZif9VNW27",Thu Jun 07 13:44:44 +0000 2018,0.4019,0.196,0.698,0.106,14
414,nytimes,"Stormy Daniels sued Michael Cohen and her own former lawyer, making public a set of texts about efforts to quash th‚Ä¶ https://t.co/4gk7g7wJVO",Thu Jun 07 13:31:05 +0000 2018,0.0,0.0,1.0,0.0,15
415,nytimes,Four police officers in Arizona have been placed on administrative leave after a surveillance video showed some of‚Ä¶ https://t.co/un63LvHDJD,Thu Jun 07 13:15:08 +0000 2018,-0.0516,0.0,0.934,0.066,16
416,nytimes,Morning¬†Briefing: Here's what you need to know to start your day https://t.co/GEhcxHmDcf https://t.co/9vxdw5qAAR,Thu Jun 07 13:00:18 +0000 2018,0.0,0.0,1.0,0.0,17
417,nytimes,He delivered pizza to an Army base in Brooklyn. Military personnel detained him and called ICE. https://t.co/ZtFDL8wAGM,Thu Jun 07 12:46:06 +0000 2018,-0.4019,0.0,0.856,0.144,18
418,nytimes,"Afghanistan's president declared a brief unilateral cease-fire with the Taliban on Thursday, a strategic gamble see‚Ä¶ https://t.co/zF8GkcPh3H",Thu Jun 07 12:30:08 +0000 2018,0.0,0.0,1.0,0.0,19
419,nytimes,"No, Canada did not burn down the White House during the War of 1812, which was fought with Britain over maritime ri‚Ä¶ https://t.co/KPMyea77B1",Thu Jun 07 12:22:05 +0000 2018,-0.8126,0.0,0.704,0.296,20
420,nytimes,Amazon won the right to show Premier League games in the UK. It's the latest seismic shift in the world of broadcas‚Ä¶ https://t.co/cXEUNxwzfM,Thu Jun 07 12:10:08 +0000 2018,0.6597,0.205,0.795,0.0,21
421,nytimes,"Your daily @DealBook Briefing:

‚Ä¢ Athenahealth lost its CEO. A sale now looms.

‚Ä¢ President Trump is meeting with S‚Ä¶ https://t.co/xFjfltNi8x",Thu Jun 07 12:00:01 +0000 2018,-0.4404,0.0,0.804,0.196,22
422,nytimes,Miss America says it will no longer judge contestants on their outward appearance. Some argue that women shouldn‚Äôt‚Ä¶ https://t.co/CvDZCavXD0,Thu Jun 07 11:56:51 +0000 2018,-0.6369,0.0,0.721,0.279,23
423,nytimes,"Our analysis shows that Stephon Clark was shot at 15 times while on his hands and knees, most likely receiving all‚Ä¶ https://t.co/gUSVTk8fs0",Thu Jun 07 11:50:00 +0000 2018,0.0,0.0,1.0,0.0,24
424,nytimes,"We dissected the extensive video footage, studied the autopsy report and mapped every step on satellite imagery. https://t.co/VY8uYuPMru",Thu Jun 07 11:47:33 +0000 2018,0.0,0.0,1.0,0.0,25
425,nytimes,"In March, Stephon Clark encountered two police officers in Sacramento. 23 seconds later, they shot and killed him i‚Ä¶ https://t.co/TTvq2q2ZIb",Thu Jun 07 11:40:03 +0000 2018,-0.6705,0.0,0.809,0.191,26
426,nytimes,"For months, American officials have been worried that their diplomats have been subjected to attacks involving odd‚Ä¶ https://t.co/TZcVzMQiK7",Thu Jun 07 11:31:04 +0000 2018,-0.6249,0.0,0.758,0.242,27
427,nytimes,"Police officers in Baltimore used brass knuckles and baseball bats and went after drug dealers, because they kept c‚Ä¶ https://t.co/5fTxZFOYSh",Thu Jun 07 11:16:01 +0000 2018,0.0,0.0,1.0,0.0,28
428,nytimes,"North Korea demolished a ""key missile test stand"" that was used for testing missile ejections from canisters, an ex‚Ä¶ https://t.co/hvQp0ZlAP0",Thu Jun 07 11:00:03 +0000 2018,0.0,0.0,1.0,0.0,29
429,nytimes,"Paul Ryan dismissed President Trump‚Äôs charge of a spy in his campaign and warned against his pardoning himself: ""No‚Ä¶ https://t.co/6pBp7br0G5",Thu Jun 07 10:45:05 +0000 2018,0.1531,0.124,0.78,0.096,30
430,nytimes,"After apologizing for using an epithet to describe Ivanka Trump, Samantha Bee pushed back hard against conservative‚Ä¶ https://t.co/7p6fnrIKG7",Thu Jun 07 10:31:05 +0000 2018,-0.1779,0.0,0.856,0.144,31
431,nytimes,The chief spokesman of Pakistan's army recently declared that social media users who criticized the military were e‚Ä¶ https://t.co/otFVJma0A3,Thu Jun 07 10:16:07 +0000 2018,-0.3612,0.0,0.878,0.122,32
432,nytimes,Morning¬†Briefing: Here's what you need to know to start your day https://t.co/Ltiy1rasXf https://t.co/cu5r7tUTWG,Thu Jun 07 10:05:03 +0000 2018,0.0,0.0,1.0,0.0,33
433,nytimes,A commission that has been working for 4 years to deliver justice to victims of Tunisia's dictatorship has brought‚Ä¶ https://t.co/ySwxN9STO3,Thu Jun 07 09:46:04 +0000 2018,0.2732,0.157,0.737,0.106,34
434,nytimes,France's Parliament is set to begin debating a tough bill aimed at repressing fake news items. The political opposi‚Ä¶ https://t.co/BXDE5C98nt,Thu Jun 07 09:31:04 +0000 2018,-0.7506,0.0,0.684,0.316,35
435,nytimes,RT @jakesilverstein: This year‚Äôs New York Issue (online tmrw) was photographed entirely on 1 day. And the theme was ‚ù§Ô∏è. Starting at midnigh‚Ä¶,Thu Jun 07 09:15:04 +0000 2018,0.0,0.0,1.0,0.0,36
436,nytimes,Many survivors of Ireland‚Äôs Magdalene Laundries spent their lives trying to find parents and siblings or children w‚Ä¶ https://t.co/w2Fl0xhj0m,Thu Jun 07 09:00:06 +0000 2018,0.0,0.0,1.0,0.0,37
437,nytimes,RT @nytimesworld: 220 survivors of Ireland‚Äôs notorious Magdalene Laundries convened for a state-sponsored meeting in Dublin this week https‚Ä¶,Thu Jun 07 08:44:06 +0000 2018,-0.4404,0.0,0.854,0.146,38
438,nytimes,"The husband of the influential designer Kate Spade, who died of suicide, said she had been treated for severe depre‚Ä¶ https://t.co/L9DeMzlJqv",Thu Jun 07 08:30:12 +0000 2018,-0.8316,0.095,0.556,0.35,39
439,nytimes,"RT @nytimesworld: Kamel Matmati, 21, was taken by the Tunisian police in 1991, tortured, and died in detention, according to witnesses. A t‚Ä¶",Thu Jun 07 08:14:05 +0000 2018,-0.8658,0.0,0.662,0.338,40
440,nytimes,"More State Dept. employees have fallen ill after hearing strange noises. The crisis has spread to China, deepening‚Ä¶ https://t.co/3uePp6y5YO",Thu Jun 07 08:02:06 +0000 2018,-0.8807,0.0,0.573,0.427,41
441,nytimes,"In the last few months, Kim Jong-un has engineered one of the most dramatic image makeovers in modern diplomacy https://t.co/E7y68J0OTy",Thu Jun 07 07:47:04 +0000 2018,0.0,0.0,1.0,0.0,42
442,nytimes,"The yacht at the center of Britain's costliest divorce has a spa, a swimming pool, two heliports and room for 18 gu‚Ä¶ https://t.co/KYgPPwKQKI",Thu Jun 07 07:32:06 +0000 2018,0.0,0.0,1.0,0.0,43
443,nytimes,"RT @nytimesworld: An Afghan police officer, among 30,000 who haven't been paid for months now: ‚ÄúI have borrowed so much that shopkeepers ha‚Ä¶",Thu Jun 07 07:17:05 +0000 2018,0.0,0.0,1.0,0.0,44
444,nytimes,"""I've made this dish twice now and, just like other posters here, it was completely gone by the end of the meal"" ‚Äî‚Ä¶ https://t.co/cfZaG2IScj",Thu Jun 07 07:02:05 +0000 2018,0.3612,0.098,0.902,0.0,45
445,nytimes,Greece has declared an economic recovery. Try telling that to the doctors and engineers who fled years ago and have‚Ä¶ https://t.co/mxHqQxfP8g,Thu Jun 07 06:32:01 +0000 2018,0.0,0.0,1.0,0.0,46
446,nytimes,"""The summer of hell"": The sequel https://t.co/tmU91QAiIo",Thu Jun 07 06:07:53 +0000 2018,0.0,0.0,1.0,0.0,47
447,nytimes,39 bright and beautiful summer pastas https://t.co/QiMYOC0Aq3 https://t.co/SDa02OzNh0,Thu Jun 07 05:49:55 +0000 2018,0.7783,0.531,0.469,0.0,48
448,nytimes,RT @GailBichler: A split run of 24 covers for the @NYTmag love themed New York Issue! The entire issue was photographed in one 24 hour peri‚Ä¶,Thu Jun 07 05:32:02 +0000 2018,0.6696,0.158,0.842,0.0,49
449,nytimes,"President Trump: ‚ÄúThe Fake News Media has been so unfair, and vicious, to my wife and our great First Lady, Melania‚Äù https://t.co/s7mUIQ3NQb",Thu Jun 07 05:16:36 +0000 2018,-0.6961,0.128,0.563,0.308,50
450,nytimes,"""Kim Cattrall‚Äôs real voice is as unlike the voice of Samantha Jones as a late October morning is unlike a Fourth of‚Ä¶ https://t.co/qZ56jY4jtR",Thu Jun 07 04:59:23 +0000 2018,0.0,0.0,1.0,0.0,51
451,nytimes,"The results of the California primary elections won‚Äôt be final for weeks, but the initial returns offer a useful in‚Ä¶ https://t.co/UKY9DO14cu",Thu Jun 07 04:42:03 +0000 2018,0.5927,0.168,0.832,0.0,52
452,nytimes,RT @nytopinion: I‚Äôve covered sports in Philadelphia for more than three decades. Never during have I seen a group of players more dedicated‚Ä¶,Thu Jun 07 04:22:03 +0000 2018,0.0,0.0,1.0,0.0,53
453,nytimes,"Rudy Giuliani said Kim Jong-un had gotten ""on his hands and knees and begged"" President Trump to reverse his decisi‚Ä¶ https://t.co/Lwbluf6lxd",Thu Jun 07 04:02:04 +0000 2018,0.0,0.0,1.0,0.0,54
454,nytimes,"What‚Äôs it like to comb through 18,000 pages of documents? Our investigative reporter @EricLiptonNYT described the t‚Ä¶ https://t.co/psaRb6QVyP",Thu Jun 07 03:47:03 +0000 2018,0.3612,0.128,0.872,0.0,55
455,nytimes,RT @NYTSports: The Warriors have a 3-0 lead in the NBA finals. This one was the Kevin Durant show. https://t.co/3W2DpHIluh,Thu Jun 07 03:34:44 +0000 2018,0.0,0.0,1.0,0.0,56
456,nytimes,Witnesses demand focus on guns at first school safety commission hearing https://t.co/8rhoXdXkPH,Thu Jun 07 03:32:06 +0000 2018,0.3182,0.196,0.699,0.105,57
457,nytimes,"Deb Haaland, a New Mexico lawyer seeking to make history in her bid to become the first Native American woman elect‚Ä¶ https://t.co/YnsFqlZ5mK",Thu Jun 07 03:17:04 +0000 2018,0.0,0.0,1.0,0.0,58
458,nytimes,"The best summer reading is absorbing, delightful and, in the sun or shade, will make you break a sweat. That‚Äôs roma‚Ä¶ https://t.co/d8NdbhDFhP",Thu Jun 07 03:02:06 +0000 2018,0.8402,0.296,0.704,0.0,59
459,nytimes,RT @NYTSports: Warriors doing Third Quarter things. https://t.co/S9fL5pDrZq,Thu Jun 07 02:46:27 +0000 2018,0.0,0.0,1.0,0.0,60
460,nytimes,"A new law in Louisiana makes some college hazing actions a felony, and other states are looking to adopt similar me‚Ä¶ https://t.co/kE6vKbU4VI",Thu Jun 07 02:32:04 +0000 2018,-0.4215,0.073,0.776,0.151,61
461,nytimes,"RT @nytpolitics: Fact Check of the Day: President Trump falsely claimed that ""we‚Äôre now exporting energy for the first time."" The United St‚Ä¶",Thu Jun 07 02:17:06 +0000 2018,0.5994,0.189,0.811,0.0,62
462,nytimes,"The plan was to drive around and pick up couples in a truck, photographing them as the city rolled by. As always, N‚Ä¶ https://t.co/dyfUFFS6Ol",Thu Jun 07 02:02:05 +0000 2018,0.0,0.0,1.0,0.0,63
463,nytimes,"2 top aides resigned from the EPA as its administrator, Scott Pruitt, faced mounting allegations of misusing his au‚Ä¶ https://t.co/feLR41cWZD",Thu Jun 07 01:47:02 +0000 2018,-0.0516,0.087,0.817,0.096,64
464,nytimes,RT @bydanielvictor: Sometimes you show up at work and somehow you find yourself explaining the War of 1812 https://t.co/xqynJNwAWJ,Thu Jun 07 01:32:07 +0000 2018,-0.5994,0.0,0.822,0.178,65
465,nytimes,Evening Briefing: Here's what you need to know at the end of the day https://t.co/6vfzdycob7,Thu Jun 07 01:17:05 +0000 2018,0.0,0.0,1.0,0.0,66
466,nytimes,NBA Finals: Live updates as the Golden State Warriors head into Game 3 against the Cleveland Cavaliers with a 2-0 l‚Ä¶ https://t.co/cyJ1zHT5IM,Thu Jun 07 01:02:02 +0000 2018,0.0,0.0,1.0,0.0,67
467,nytimes,"The New Yorker's staff members have unionized, saying the magazine ‚Äúmust work harder for its employees‚Äù https://t.co/VdYV8AAJPk",Thu Jun 07 00:47:06 +0000 2018,0.0,0.0,1.0,0.0,68
468,nytimes,"RT @NYTSports: As LeBron James makes his eighth straight appearance in the N.B.A. finals, his trip through the playoffs this spring has had‚Ä¶",Thu Jun 07 00:43:25 +0000 2018,0.2263,0.079,0.921,0.0,69
469,nytimes,Susan Sontag once called him ‚Äúthe greatest writer ever produced in Latin America‚Äù https://t.co/KfqgWtkG5A,Thu Jun 07 00:32:06 +0000 2018,0.6369,0.244,0.756,0.0,70
470,nytimes,"RT @brooksbarnesNYT: My obit on Jerry Maren, the last of the dwarfs who played Munchkins in ""The Wizard of Oz."" He also had a major career‚Ä¶",Thu Jun 07 00:17:05 +0000 2018,0.34,0.091,0.909,0.0,71
471,nytimes,Democrats enhanced their prospects for winning control of the House in Tuesday‚Äôs coast-to-coast primaries https://t.co/9yrvzYBGl1,Thu Jun 07 00:02:05 +0000 2018,0.6808,0.301,0.699,0.0,72
472,nytimes,"The poet Lawrence Ferlinghetti will publish a semi-autobiographical novel next year, timed to his 100th birthday https://t.co/pMsKwFMlex",Wed Jun 06 23:47:07 +0000 2018,0.3182,0.133,0.867,0.0,73
473,nytimes,Rarely has one of the NBA's supreme players chased a championship with less help than LeBron James https://t.co/LsWAXWOVVd,Wed Jun 06 23:31:06 +0000 2018,0.8363,0.389,0.611,0.0,74
474,nytimes,"Full results and maps from the California primaries
https://t.co/gN6FsjEYgb",Wed Jun 06 23:17:02 +0000 2018,0.0,0.0,1.0,0.0,75
475,nytimes,A lawsuit brought by Stormy Daniels reveals text messages between Michael Cohen and her former lawyer discussing an‚Ä¶ https://t.co/EW3YPOKFtd,Wed Jun 06 23:02:03 +0000 2018,-0.2263,0.0,0.899,0.101,76
476,nytimes,Evening Briefing: Here's what you need to know at the end of the day https://t.co/DHbVsdo1pA,Wed Jun 06 22:47:04 +0000 2018,0.0,0.0,1.0,0.0,77
477,nytimes,"Kate Spade's husband, Andy, released a statement about his wife's death https://t.co/xyGI71ZrVm",Wed Jun 06 22:35:00 +0000 2018,-0.5994,0.0,0.719,0.281,78
478,nytimes,"RT @nytfood: The chef April Bloomfield will get 4 restaurants in her split from Ken Friedman, who‚Äôs accused of sexually harassing employees‚Ä¶",Wed Jun 06 22:17:07 +0000 2018,-0.6908,0.0,0.769,0.231,79
479,nytimes,"Betsy DeVos halted relieving the debt of some student borrowers who were defrauded by the Corinthian Colleges, afte‚Ä¶ https://t.co/JImltX7hCA",Wed Jun 06 22:17:06 +0000 2018,0.0,0.114,0.773,0.114,80
480,nytimes,RT @VVFriedman: Exclusive: Kate Spade's husband Andy talks for the first time about his wife's death: ‚ÄòThere Was No Indication and No Warni‚Ä¶,Wed Jun 06 22:02:04 +0000 2018,-0.7783,0.052,0.66,0.288,81
481,nytimes,"The husband of the influential designer Kate Spade, who died of suicide, said she had been treated for severe depre‚Ä¶ https://t.co/XH2dW5HOAF",Wed Jun 06 21:47:02 +0000 2018,-0.8316,0.095,0.556,0.35,82
482,nytimes,"‚ÄúEveryone knows the saying, ‚ÄòHate that I love you.‚Äô Well, that is the 2018 NBA finals summed up.‚Äù https://t.co/YvypgiuHKV",Wed Jun 06 21:31:05 +0000 2018,0.743,0.283,0.717,0.0,83
483,nytimes,Many other employees at the American Consulate in the southern Chinese city of Guangzhou and their family members a‚Ä¶ https://t.co/k5DWi0oZPH,Wed Jun 06 21:21:00 +0000 2018,0.0,0.0,1.0,0.0,84
484,nytimes,Breaking News: More State Dept. employees have fallen ill after hearing strange noises. The crisis has spread to Ch‚Ä¶ https://t.co/vZxSH4v4ff,Wed Jun 06 21:07:04 +0000 2018,-0.8807,0.0,0.588,0.412,85
485,nytimes,"RT @Nate_Cohn: California take-away: the race is going as expected, with the noted and discussed exception of CA-21 https://t.co/fazs4ar1SC",Wed Jun 06 21:01:03 +0000 2018,0.0,0.0,1.0,0.0,86
486,nytimes,"Jordan Roth has become Broadway‚Äôs singular showman, pushing the boundaries of what it means ‚Äî and looks like ‚Äî to b‚Ä¶ https://t.co/lXVnt5HYYX",Wed Jun 06 20:50:04 +0000 2018,0.3612,0.116,0.884,0.0,87
487,nytimes,"Before the hit television series, movie and sequel, ""Sex and the City"" was a newspaper column https://t.co/FWli7BOPbT",Wed Jun 06 20:40:03 +0000 2018,0.0,0.0,1.0,0.0,88
488,nytimes,"RT @NYTNational: ""Eat a good breakfast then go and dismantle the patriarchy."" A 19-year-old reader shares her advice for graduating student‚Ä¶",Wed Jun 06 20:30:01 +0000 2018,0.6249,0.231,0.769,0.0,89
489,nytimes,Greece has declared an economic recovery. Try telling that to the doctors and engineers who fled years ago and have‚Ä¶ https://t.co/YZjdsbJvJF,Wed Jun 06 20:20:07 +0000 2018,0.0,0.0,1.0,0.0,90
490,nytimes,‚ÄúI‚Äôm sitting here and being subjected to frankly ridiculous accusations based on the most tenuous connections that‚Ä¶ https://t.co/w9PHTTDjaH,Wed Jun 06 20:10:06 +0000 2018,-0.5859,0.0,0.769,0.231,91
491,nytimes,"‚ÄúWe voted that sexual violence, including campus sexual violence, must be taken seriously by our elected officials,‚Ä¶ https://t.co/CMYXLIfMO5",Wed Jun 06 20:00:07 +0000 2018,-0.872,0.0,0.602,0.398,92
492,nytimes,"RT @nytpolitics: In a letter to senior Trump administration officials, European leaders asked for an exemption from sanctions on Iran https‚Ä¶",Wed Jun 06 19:50:05 +0000 2018,0.0,0.0,1.0,0.0,93
493,nytimes,"""Kim Cattrall‚Äôs real voice is as unlike the voice of Samantha Jones as a late October morning is unlike a Fourth of‚Ä¶ https://t.co/Ggg0WvCoY6",Wed Jun 06 19:40:03 +0000 2018,0.0,0.0,1.0,0.0,94
494,nytimes,California primary election results https://t.co/om61zaCPNx,Wed Jun 06 19:30:07 +0000 2018,0.0,0.0,1.0,0.0,95
495,nytimes,"RT @kevinroose: I hated the scooter craze from afar. Then I went to LA and tried them, and now I want a scooter permanently attached to my‚Ä¶",Wed Jun 06 19:20:08 +0000 2018,-0.6705,0.048,0.738,0.214,96
496,nytimes,U.S. Soccer has hired Earnie Stewart as the national team's general manager. His mission: to build a team that can‚Ä¶ https://t.co/om9LJPS4AB,Wed Jun 06 19:10:05 +0000 2018,0.0,0.0,1.0,0.0,97
497,nytimes,"RT @declanwalsh: Intimidation, abduction and an assault on social media. Can Pakistan's election be free when the journalists covering it a‚Ä¶",Wed Jun 06 19:00:03 +0000 2018,-0.7964,0.107,0.554,0.339,98
498,nytimes,Hurricanes are lingering longer. That makes them more dangerous. https://t.co/ibTs2XeJQM https://t.co/3966lHbOuP,Wed Jun 06 18:50:08 +0000 2018,-0.5256,0.0,0.747,0.253,99
499,nytimes,"""I've made this dish twice now and, just like other posters here, it was completely gone by the end of the meal"" ‚Äî‚Ä¶ https://t.co/TsFtKK2Xn2",Wed Jun 06 18:40:07 +0000 2018,0.3612,0.098,0.902,0.0,100
